No.,Timestamp,Username,Description,Additional Info,Suspicious
"b'\x0b3\x98\x9a\x00\x87+\xc5\xbf`\xc41\xdc\xf0\xe0\x17\xe0\x91\x89\x8b\x96m,\x8ef\xf2\xd1\xc0l2c{\x9f\xae\xdbji\xc9kK(={\x9c\xc6\xd0\x90ko\x87\x030\xfa\xd9\x169\xff\xe2I\xdf\x08\xa5\x08\xa4\xf9\xfa\x16\xfcn+\xd0\xbe\xb0:\x816\xbdz\xe1Q\x01^B\xfc\xe6\xc80\x11\x15\x9b\x1d\xb9`\xe9\xf3\x00s""\x9b`\xae2\x85\xc9\xeb\x01\xbcwv\xda\t3\xd2\xdf_\x1a\x04:\xc9\xc1\x0f\x08\ny\x90\xa0\xcd\x89\x17g\xb5\xa6\xba\x08Y.\x17\xa6*\x04\x93!\x04\xce!\xe8G\xfd\\\xcf\x0b\xce\x83wZ\x1ezx\xfe\xd3E\x06\x0f\xb94(U\xd8\x14 \xd29\x0c""`\x1c\xcf\xd7\x00gt?\xa8;\xd21nG\x80\xbc\xd6\xd2\xc1;\x9eSu\x01D$\xe1\x07\xefv\x1d\x15\xd9\xb84\x11f+H\xca\t[\xca\x93\xde}\xdb\xe5\x9a\xff\xab\xdb\xbe\x88\x99\xdf\x7f\x17\xeb\x07HNZ\xf6=b\x02$\xbcw [\x11^\x9d$ocg\x05tW'","b""){\xe2\xd9\xaa{O\x19/T0\x1c(\xb1\x10x\\G\xdet!D\xaf\xa1\xd948I\x14\x87k\xd2\xd1\x10\xba\x1f_\x04\xd1Um\xaa\xdem\xf4ARG;a\x93$\xcd\xbb~\xfc\x8ew\xa0\x03>\x9ao}\xa1|\x1b\x90\xd6\x89^_\xf3Y\xf5s\x83\xed\xc9\tq\xae\x12\xac\x10\xf0y\x9ai\xba\x1d\x9f\xd2\x12\x13Fh\x95\x98\x1b\x1d\x9a\xda\xffCb\xab\x9c)a\x14\x04\x19\xa9:\x02,_m\x94\xa62>CSFe\x7f\xd3\x7f\xbd6\x12;\xc61\xf0\t\xd0\xb7\xbd\xf7\xd9\xc9Z\xf5\xd0\xeb\xcd\xc2\x97h\xe9\x020A\xb6\xaec\x11K\x13\x95\x0bV\x15\xc4\xca{\x0f\t\x83\xc43\x92K\x89&\xdb9\xec{S]\nk:\xee\x94\xa9H-\xfcH\x0b.\xd1\x89y\xd8'<l\x8635mN\xb8\x82R\x9cp\xdcGJ\x8b\xf5q\x90\xf4\xe2\xf6\r\xf0i\x04\xc4\xc5\x1e\x8e\xe2\x1b\xd0\x9f\xbf\x82\xec\x0e\xfd\xd8\xb5\xfd\x8d\x8bR}\tD\x8f\xb2\x03\xc8^\x84\xc1""","b'\x1b$Y\x0f\xb8-P\x9c.\x95\xfaL~\xae\xd8\x9e\x95\xfbM\xe6a\x19\xa4\xfc\xf7\x12\t\x99\xe9\xde\xfe\x06\x8d\xc1Q\x05\x9f\xf8\x08\xec\xdb\x8d=\xdb\xb6YN<w\xa9\xea\xfb\x9e\xf6\xe2\x92\r\x00\xd0i\xcce\xeal4\xef\xc9\n\x11\x98\x1b\xdd\x15\xc3G\x82*U\xa1?\xf98y\xd9\x07\xac\x84\x1a1c\xb3\x0c\x19\xf1\x10\x04|\xc9\x994{\xd7\x9dk\x82-\xfc\xbf\x9e\xe0*?qJ\x05\x19Hc\x1fn\xde\x14hg\xe8\x06\xa5\n\xdb\\j\\\xf0\xa9R\x8f\x07\xf0\x00\xf3\xfbqQg\x1c\xf0\xbb\x1e|[\x844J\x16.\xd9\x9e\xee\xd4\t\xe3\x92\xdd\xf6<\x93fU?\x14=\x14<\x8c\xaf\xfb\xa8Wc&\xafEJx\xaa\xab!e*:\xa7%O$\xf77\xe1\x85\xba*@\x8f\x91\xcd\xf3\x92C8\xc8\xbd\xc8\xc1<\x908\xd9\xd1\x1es\x12\x94\xa3,w\xfa\xeb\xb6\xca\xcd\xab\xa5`?\xa3\x04\x8b\xa4\x82\xa5@\xe0\x8c\x9f\x04\x07\x9f\x96DJ\xc0\xf6\xd7\x1c(\xb1\x1a'","b""v\xa5!&\xab\xac>\xfcK\xce\xc43\xca\x99T\xa5:\x07\xfc1\xf2\xf6\xcb\xf6;\x03\xa7\xab\xf7\x92;\xe10\xecM#i\x18\xaf^0BW\xb0G=t\x8f:XDQ4\xf9\xf8J\xf3q\x1a8\xaa\xe6\xff\\\xbb\x91|]E\x0c\xefBw*c\xa6+\xf0iE'3\xd6]7\x1fHe]Ty\x12)\x90\x8d\xa0\x8a\xf7FIa\xf2EC\x18F\xa6\x12\x13P0\xbe\xc2\xd5\xf6\x1a\xd8B?\xb5\xf9a\xffI\xe8\x0b\xc0\xe6\x80\xdd+\x93ah\xe9\xbcg\xe4\x8f\x01\xce\x95X\xff\x11\xd3ts\xb7\xc2~v\xa3\x1cm$\x80\x99ho\xe0\xf1y<\xa8\xb8\xc2\xa1\x83E\x16\x93\x892t\xeeRz,\x00\x19\xb9*\x10\x88\xd5\xea\xa3}\x87\x8e'\x16\x18\x9fwe:\xb1a\xec\xf5\xbe\x9a\xa1\xaf\xa2(\xc6\x95q\xfc\x19\x87x\xdb\x07\x8b\xad\xaa\xc4\xa5/8\xea\xfa\x03.\xe2\xa3X\x81\xa7\xf6\xad\xba\x06\xeb\x8d\xefz\x17\xeb:\x93Id\xa1h\xa5\xe3\xe8\xfc\xf6\xec\x8e""","b'`\x01\xb8\xf9vg\xde\x84:B\xbb\x10\xf0\'\x15n\xcc\xf2\x90\xf5\xffs\xe0XxZ\xb6An\xf1\xdaB\xc1\xb3M\xc8}\xbf\x94X\xce\x91\xb7p\xcb\xf7\x1a\xfa\xd4\xac\xdeM\x961\x8b\xc4\x90\xe5\x13\x7f|\xf5\xad$\xb7;\xe3\x9b\x0f)0\x84\xdaN\xf7\x0b\xe3\xac\x11\xf7\xca\xd3\xd8\x8d `|z \xe4\xda\x96h\xdd\x8aN\xc52B\x1d\x86c\x98r4\xea\x98\x86\xfb(\x17B\xb3-\x0fXK\xd1\xd8J\x1fkt\x10\x08\x16{(\x12\xec\x0fJ\x91\xc9\x18\x92\xb9vl\xb1\x91\xe4q\x937\x19\xc7\xc8j\xc8\xabA\xedL\x90\x15X!\x91\x9e]M\x95\x198&]\xc4\x82[\x11\xd5B\xeb\xac\x01\xd9\xac#\x01\x1d<\xf1=GE\xa6\xea\x8b\xd7 \xa6\xd4\x9e\xb9<\x0c\x1b\xcd\xaa\x01\xa1\xaa\xe4\x87\x8d7\xa3<\xa2\x86\xf4\x19R\x11\x86\x8b\x8aP\x8b6\x9c\xa5\x1e5v\xa8\x0c\xac\nP\xf16\xe8Ml\xbdD\x06\xd6G\x92\x8c\x95\xad9G\xf5\xcb\xf68sv/1""'","b'B\xb7\xdf\xdeai\x92\xe2\xd8;[\x9a\x92\xfe1kl\x05\x9c/\x97\xcb\xd8fA\xd9\x1a\xde\x1e6P\x0eU\xad\xe5\x9f\x1a\xff\xfb\x14\x87\x1e\xbf\xaae\x04\xe2\x88\xf3\xa7\x04\xd4\x97\xa87\xb4\x9a\xc6\x81y$!m\x15\x98Y\xc7\xcde\xf4&\xc0\xe6P\x1d\x95\x86o\x8c<f\x16j)\xc9\x81#c\xec`p\x0e\xd2\x15\x15\x0f\x97&\xaa\x00\xd4\xf9\x8d\xf41\t\xe5zM\xbe\x82\'o\x88o\x9d\xbb}\xc7F\xcc8\r\x85y\x01\xe4Bt;z\x8dWg\xa7\x19/C\x9c8\xde\xe2\xa5BwR\xeb\x91\\h{\xaa\xbdk""\xc1\x85}\xbeP\xae\xe9\x94\x062\x97\xc3L\x06\xe5\x13\x8fv\xf2!V\xea5\x135\xa3w%\xc0b\xd0W\xfe\x18o\xf7\xb9\x1d\x9bB^\x89\x1c\xb1\xadq""\xd5\x99\x1f\xd2\xa9i\xc4iI_\x8dS8GE\xe8\xe2u\xbd?\xe6\xf0}\xa2\xed\'\xbc])\xc9\x0c \xe7-<^\xe6t\x92\x1aC\xc4\xc3\x1f0\xce\xda\xbd\xd2}\x82\xec\xa7@'"
"b'yS3?\xb6$$X\x1b\x9b\xe0pKf\x16\xa4\x1d\x19T\x1d<a\xef\xd2\xbf\x15\x9a\x9aA\x1a!\xc4E2K\x96\xa2\x8e\xb9\xc5w\xb45\xf3\xfd\xa4f`\xac\xb2u\x105\xae5u\xb0[)\x15\x96\xe1[m\xb0\x9e\xaf\r\x1fP]\xfc\x961!f\xe0\x1b\x87\xc4\x8bA\xc6\xa3L\x96O\x14\x83.\x06\xb3|\xf8\x07N\xfb\n\xbc\xbd\xc4\x13\x82Q\xb5\xd9\xf9\xc4\x931\xc6\\!\x98<>\xd4)\xf0\xd4\x03\x034\xb4\xebp\x8a\xbc\xdc\x15^\xc9o\xe4\x01 \xc7a\x0b\x19\xe7JK\xf2T\x11t\'+\xb8H\xdb\xcaBv\xa9\xda\x05\t+\x82Q\xe2z\x9d\xb7\xf2@)\x00u\x84/\xd4&#\x0c\x05\x15F""`0V\x8d\xa2\xd5e\x91\x96@%\xbcz\x08 \x87O\xc6\x10;\xc9\xd0\x17\x11\x82\xd9R\x15\xdb\xfaj\x14\x14\xae\x0c\xa1\xb8\x98\x9c\xd2\xfb\x12@\n\xec\xb81\x19\xa7\xac\xfe\xc2}\x07\x9f\xe2\xa8cW\xc2k\xce\x95a\x0eu\x8d7\xf5k\x03\xb4Cc\xbc'","b'N}.ah\t\xd3""\x1eD&\\\x8b\xe9\xf0\xdb\xed\xaf\x16\xe4\xb4\x80\xc8\x83\xdc\xf1n\xf7\xb2\xfcgl\x99\x84B\x81\xf2\x85\xc6\xa3}p\xf4\xc2\xbb\x12\xf7\x91\xf1C\x9c\xd3\xec\tkO7\\\x9fy\xbc\xaf\xe4r\xbd\xdf+\xe6\x86X\xdeR\x00\xe1\xf3\x99Jk.\xa4\x92J/P\x92;7}\x8e\xc0\x1bob\x114\xd5\xca\'\xff\xf7\x97\xcd\xa4\xb8d\x18bH*#N|\xec\xae\xd13\xa2.+\x88G\x8eb[\xe4v\x9a\x9f\x19\x187\x8e\xcd\xb3}u\x95\xa6!\xd3\x17\xf4\x06X2C\x92\xeb[}\xff~\x12\xee\xa6~v5\xcf:\x9c\xede\xb8\xa7\xd6\x1f\xeb/\xb2\xde\x80\x9f\xfd\xffO9\xda\xa7%\x1c\xb5|\xcb\x84\xc0\xe2\xa3\x87\xf4p\xa80\xbd\x9b\x9b~\x0e)?H\x00\x04D8p\xa5\x9c\x1cz\xe38G\x17\xcbtrt\xfa\xeb\xb5M\xf7\x84\xf5\xe4\xa7p\xd5\x18l\x16\xf7q\xf6\x00}@Uc\x005\xbbZ*\xd4O\x97\xbf\xf1\x0c\x0f\xff\x99I\x1e'","b'\x83\x12Yh\xe4\xc0\x96\xef\xc1\x90\x88x\xd5\xdfwucr\xb40\xe5\x9c\x06\xff\x83&\x9c\x9c\x89\xb0\xe3\xe5M\xb7G,\x9e\xbc\xfc2\x11\xc84\xa7\x14Yb\xc9~|\x7f\xbb\xd9;$^\n\x0f}\xfe5\x82 &*\x06rSe\xb8\xb0\xe2\xc2\x9e\xf4\xac\x05\x7f\xad\x0bn\xfb\xe4q\xd0\x9fv\xc5\x91\xf0\x83%7_\n\xe9\xe0|\x13\xa7\xaa\xa6\x8f\x08\x00\x9d\xd7\x8a\x85Br\xe5r2*\xb8\xd9\xafi\xcboW5sJ\x0fd5\xb9\x7f8p\xd4\xcd\xc4r\x81\x11>\x1dGD\x0b\xf9\xdb\xb9\xfc?\xb1\nGK\xd5\x1b\xf9K\xa7\xb29!\xca6\xd7I\xb0\xca\xd3\xc9;\xe9\xbe\x1b\x15\x899\x80\x85\x97\x01Ll\x0cCd(\x80\xa0D""\xcd\xd8\xb9\xab\x05\x82\xca\xa3\'&0&\xd1w\x0e\xa5\xed?<\x99\xfah\x1c(N\xe0i\xce\x8b\x81\xfe`\x15?\x10\xad\x93s\xebp\xc6\x84^\xb2a\x8c\xac(\x9bQ\x96\x8a\xe5J\x87w\xff\xc4`g\xf7<\x08T\x95\xbb\x80'","b"";~\xa6\xb2\x14\x8f\xb50\xf2\x9c\xac\x84\xb9\xf1{\x14yn\x8f\x82fW=\x81]\xad\x0e\x9f\xa3V\xbe[$\xed\x99F`\xd7\xa20\xc2\xce?](\x1b\x95\xef\x89\x8a\x86\xf9@\xb78\x19\x82\xa9\xb0\xe9\xd3'\xbc\x07P\xa6\xee(B}\xbc\xbd\x03z\x98\n\xdb\x0f\xf3\xb39\xdbG\xd7ds\xb0Te*\xc8\x14B\xd8\x1a\xf8\xf60l+NX~\xd5D\xd7\xa7\xb2\x86\xb1lz?\x15&\xfbur\xf1\x1cs\x06\x8c\x979\xc6\xc1\xe3|\x9d$\x19O\x9e\xd6h\x03K\x9cz\xe5\xdbN\xa5\xff\xce\x1e\x1e\xb1\x1e\x92!\xec\x10\xdc\xfd\x9a\xd7\xdc\r\xadJM\xab\x1b\xfb\xd2\x8dF\x9fH\x00nJ\xc8]w?H\t\x9bf\x17\xb2\xee\xday\xf5\xe2\xdd/\xdb=\x1a\x86-k.\xa2\xc3\xf0/'*\x99\x11l\x0f\xf8\x03\xa1_\xc29\xb5\r\xb0n)J\x1a(\xe6\xc9W\xa0\xcaJ\x85\xad\xe3HS\x18\x91\xee;p_\xc1\x0b*\t\x1a\x1f\xa3\xf9a\x82'\x86\xcaf,/\x19""","b'\x8f\xbaK\xd6\xcfH9\x00 [\x10\x9b\xef\xafQ\xd31\xca\xc5\xba%l@\xd4\xeb?\x87\x15\x84\xb7E\xaeq \xdf*70thc\xde\xafj\x92n\xb4z\xe9\x81V4\xcfCe\xf3\xbc\x16\xe0J~Hb?I_ \xfe\xdf\xba\xe4&\x19U;\x19\x99\x98\xf0$\xc8\xfb<F\x08u\x92O1SG\xc2S\xf6\x14\xa1F\xe1\r\x8c\x9d8\x1eTG\xbf\xb5\x06?@\xa0\xc44X*\x9f\xdf\x94-\xf7\xbb\xa0\xc9\xb4/\xd4\x94?\x1d\xe9{0\x05\xf7=\x16\xdf/\x08\x18\xc3\xe6\x19\xde\xa8$_\xb0\xf0^d\xf6\xe3\xabe\x92b{\xd7\x95;\x93u\x1e\xc5\t\x0e\x82=\xde}b\x1d\xe2\xe6\xd6\x8e\x8f\xbdf\n\xde\xcbw\x98m)\x85\x05R\x9f\x0e\xbcZ\xf9\xa1\xd2L\xb7\xce\x98\xdc/\xe2B\xbc\xd3\x82\x1dU\xd1\x88\x96B\x0e\xf4\x1b\x99\x1a@,N./\xf8\\\xf3\xf3\xe4\xa5\x97\xe8\x8d\xaf;O\x96\xe1h\x14\x80\xf0NH\xa8\x7fQ\x88\xb4\xe0\xbf\x88\xca\x83-W'","b'w3\x1f\xe5\xe4\xcf^YYR+\xa5\xce\xde%h\xdb\xba\'\xdb]~<\xf1\xda\x85\xfe\x94\xc1P\xbc\x9dcV\xb9\xbf\x13\x05/\xde\x15\x00\xbe\x15ZAF=\xe2\x00\xd7\x12G""m\xac\x8av\xf5\x9d\xb9\xa8L+\xfc\xbe\x1bh$+*\x855\x02YPj\x9e\xed\x05\x87\xac\x9b8(u\xdc\xe0\x8f\xf9\xe5\xe5\x13\x8b\xf0\xf7\x86\xd6\xff\xfc\x81#l\\\x98\xccP\xd5fX\xe2a\x1ax\xfc\xac\xe6m\xd1\xb5&\x93\xf9\xc4\x08X\xc4\xa6\t\x0c%R\x19\xda\xcf!CE\xb9\xc2\xeby\x19\xd6\x9b\xc9\xde\x9e%:\x8b%\xfa\x89%\x85\xc3\xce\x96:\xa0\xa1\x93\x05\xfa\x06o\x92\xb0\xaa\xe3\x87\xc1\xcc\xdb \x86\xdeE\x04\x9crC8X\r\xee}\x85\x1c\xaf&H\xb5,D\xeezu\xe3\xdf:\x9c\xc7\xec\x8cRh\xfcZs?\xa7\xe4Z\x1f\xf47\x99V\x0b&\xc1\x85?1*\xa6\xab\xf0\xb26ca\t\x7f\xbd=`U\xa0y\xcd8""U\xc3\xb0F\xce\nb\xaa\xc3d\xc2'"
"b'q\xbcE\xca\xf5/\xec\x0eY\xa9f\x04\xc1\xa4`t\xb2\xa2i\xa6Rz\xb4\xc7-\xa1\x9b \xa7\xf0\x13\xa7T\x19\xbb\xf9\x0f\xee\x98}\xfd\x18\x923\xb0PO\x83\x12O\xad\xd2\x0c\xce\n\x9f\x8c\xe8{\xf4\x81\xe5\x84_\x17\n]""YR\xc2\xfb\r\n\xa5$\xbe\xe3\x1b*\xa7#\x1e\xbf""Y\xb8\xe1\xc3\xa4\'\x91z\x1b&""\x9e\x18c\x07?\xbdC\xf3\x10\xb5\xa3F\x15s\x8b\x81\xf5L\xbb\x89\xce\xdf\x07v\xc3\x03^\xf8\xe8/[\x1d\x85IuM)5\xd5\xa6?\xd5*\xb2\x01=\x05Al\xfd\xaa\xef(\xdf\xa04)\xe2-\x049\xb3\x1d\x879\x02\xeaY\x82y\x05\xafn\xa5\xbdo\x90\x8f\xba\x07\x8dfv\x7f\x17\x1b!<\xeco|\xc4\xccn\xc0G\xd4\x99\xb1\x88\xd1\x88\xea\xa3!y\xc0#\xf3\xdbh\xe7\xf9\xfe\xe7\xa7\xe4\x15\x80\np\xe4.\x04\x0e\x89\xa8\x02r\x89\x9a\x8cIc\x19\xaa\x0f\xf91\x9f\xc9\xd7|$|\xc7\xc7\xc9&\xcc_w$\x9a\x0e:\xb1\x7f\xad`'","b')\xc8\xf5\xd8kj{vG\x9d\x86>E\xc9K@\x1e\x08\xff*\xb6\x11\xfd\xc2\xbd2\x0e\x15o`\xa2\x0f\xae\x94\xfe\xe1%\xa3e\x96\x1a\xfe\x8cb\x04x\x86\xbf\xb5\xf1\x10\xcb\xd0\x95\xd6K\x03\xb7\x9e\xb2?\xe6/\xd8\xc6W\xbf`\x01$\xd0n\xad\xf3\xdc\xc7\x1d\xc4\xdd\xf0!\x9e\x80m\xeae\x08cF=\xfb\xd4D\xde-\xdfL=\x0b\xd39C\x02\xd6z\xe1\xd6\x9eD2\xc0\xdf\x83\xef\x19\x9f\xc3\r\xfe\xe7=\xf7o\x0fm;\x90h4 \xfd\xf9\xaa,\n\xa0\x0c)\x16\xeaA\xd9;8\xd1\xfc\xe7\x01\x0bgK\xba\x03\x8e\xf9\x90\x97;\xcc\x97l\xd1\x1a~\xb8g\xa2l\x9e\xc3\xe0\x0c\x14\xf9tmd\xc1V\x938\xcf\x1c\xfbB\\\xdb\xac\xa7#L\xb5g\x90\xb5u\xccr\xa9\x82\xe8\xee\xa6y\x06~:\xc3\x91:\xe6\x8d\\q>\xc7,\xdf\x8f\xc5{\xdf\xcb}D\xae8\xf7M&4\xf0f\x86\xd0\xfb\\\x95\xbb\xd3\x8a\x85\x02\x8d\xce\xb1?,\xa9D@:\xaf20\xb2'","b'\x134Yq,\x98\x114e\xa7\xcaU\xb0\xde\x83\xad\xbdZg\xe0P\xd9\x0f>\xf76\xfaV\xac\xe2\xefi""\x162\xcd\xda\xdc\xc52t\x99\xcaQ\xe5;\xd6h\xc7\t\xc7\xeeb=\tg\xa0x\xda\x8c\x92\xf4j\xbc\xb6\xd0\xfeHL\xb4\x7fR[x\xc3\x1c\x07\x82\x1f<\xd1\xc53\xf2\xa7\x9f\xcbZ\xbe\xc9\xf88dm\xc3vZ\x94ALy+\xaf\xf1T+\xe7\x93\x93\x1f\xc3B\x88SV\xd8oR\x8bd\xd0(\x81`#}zX\xf4\x16rFT\x96\x80\xac\xbcs^\xce\xd92$@=\xa7\xb8\x04\x93\x1a<!u\x98\x95""\xc0\x85\xba\xc8j\xa8\xe7\xff\xba\x15L\x15\x0bu\n\xca\xa9\xe5\x9e Uu\xc1L\x83\xdf\xe8\xfa\x96\x16;\x08\xd9N\xff\x14p\x9d\xe4\x12VU1\x90\x94\xeb\x82+\xb4\xfd\x9c\xcb\xd3w\xee|\xf2\xcf\xce\xb0\xd7I\xee$\xcd7\xc1\r\xed[\xc3C+\xc9n\x89\xa9 \x00\xf70\x84\xd2y\x18#2o\x10\x87\xaeA`\xac\x17\xfcl\xb8\xd7N'","b""_}\xf4\x9d(\rk\xbc^\x17\xb7?\xa3\xe4\xa0\x98\x9a\x07\xfaP\xc3\x843\xa1\xc3\xc7XP\xe2\xbd<\xb8,K\x9e03\xffU\x12g\xa3\x94\x0e\x02\xb5\xd1:\x93B\x87\xd5\xe3\xfee\xcc\xbcYL9\xaf;3yeJ\xc0l\xaf\xad\xe0E\xcd\xe4\xf1\x95\tw\xb5\x13pOI\xdd/\xd71)\x93\x80I\x81p\x17]\xc9.MPHG\x16\xd8}\xfd_\n\x08\xb6\x15\xc10\xd2\xf2IQj\xce\xfe?rV,\xfa\xcc/_\xcd\x85\xbft\xe1\xac\x98`\xe0\xa5\xad\xdf\x8c\x08\x01\xac\xdc\x9e\xa0-\x0cfq\x9eW\xbe\xf5I\xed\xab\xf5c`[\xb3\x9aDp\xd3\x96`Z\xfc\xaa\xb3\xbb\x94C\xef'\n\x82\x98\xf9\x14\xc2\xff\x9d\x97<\x11\x08S\xa8C\xd8'\x82L\x9b\x8a\x99\xc3\xee\x96\xa8\xf3\xd7?>K\xd8\xf7\x1c\xe4[\xeag)\xe2zS3\x8a\xb6\xaa\x19\x14\xcae\x16\x92I\x11\xe9\xf1gTx\xd8bq\x8evY\xf0\xea\x1d\xe0\xac!\xd9j\xf2\xdd\xbe\x06\xbf\xf2""","b'\x8do\x96Z\x01(\x01$\xcdY\xe5#\xcbJ\t\x1c7\x8b\xa93\xb7\xb7\xd6\xf0\x90M\xa3\x80\xd9\xb6+""z\xd3\xaa\xbdz\xa4n\xb6\x8f_\x16\xfc)-/\x05\xaf\xf6\xf1\xb4\xba\x0e\xe4\xfd7\xeas\x1f\x8c\xad#\xb5\x1d\nk\xcck`\x0e\x98\xc9\xf4\xfb)\xd7\x90\xb9\xd7\xc9 iY\x97\xf6J\x85\xd44l\'\xdb\x92&\x9f\xb5\xe1\xc0\xd1k\x9cH\x8d\xeb\xb7\xcc\xf2E\xb5\x8c\x8f\x8f \xaa\xf9\xdc\xa2\xfa\x90s*\x1c<\xc4\xcc\x9c)\t\x8a\xf2%\x90A\xee\xcd\x0c)\xb0M6\x9c:\x80\x8a\xca\x935\xbb\x96LV[49\xa9\x1fw\x9b.%f~\xfc\rS~\xb3\xbeNJ\xc2\x12\x90o4\x80\x01Ic\xca0&T\xc94\xfe\x85\xadO\xef*K\xc1\x90k\xbd\x13\xd2\x1b\x19\x8c*\xac@r\x8d\x80v\xa9\xdc\x1b\xa9\xces2\xab)\xa7dh\xc4\xadr\xd37c \xca\xe9\xdc\xeaQA#\xf4\xc3p\xe5\x8e\'\x08A\xa2\xa3WO\x16.\xec\x966X\xe4\xddq'","b'_4\xf1\xfb\xbd\t\xcb:\xeayj\x8d\x85\xb4\xcb!\xe2\x95\x0f\xf8Yf\x06\xe4\xa5\xaa\x16,\xa2\xf7\xa5\x0f\x02\xfb!\xfd\xfa""\xbd\x86\x00|\\4u\'\xcfg4\x8e\x0f \x0c\x9b\xc0\x7f\xb9\x03\x92\x1f_j\xcf6eV\x1f\xa1\xed,\x12\x04\x9ec""Fy\x1a\x0b\t\x01\xa7I6\xaeP\n\x07\x92\xf9{\xacG:\xbb\xd8\x1d\xb0p{\x89\x98{\x9e=\xe4\xd7\xf9P\x8a\xafbDY\xea\xfe\xe3\xa5\xdf5\xa5y\xb3U\xf5\x1a\xd5\xd6NE\xda\x03\xf4\xaf\xc8\x04u40\x9c\xd9\xe7\xaf\xb1\xfe\x8d\x0c\x13R\xab}\xc6`\xaeU\x8c2\x99\xf2=\xad\xf2\xce\xf0\xf3\xaa\xdc~6\x12\xad\x1e\xb1\xba\x11\xa2[1\xd9/c\xc2\xb0_Ms|\x93\xd5\x88\x15De\xb5\x07Mi\x1a\x04\xd7\xb4\xf2\xa0\xb0\xce\x8d)\xa3\xcd\xd5R\xd2\xfc\x0e\x089\xf05\xdb\xc8i\x052q\x81!\xab\x90\x91\xe4\xf9\xa63\xc9F\xaf\xdf\x83L\xbdG\xde\xd3>Y\xad/k\x93\'\'\xba\xa6g\xc2^'"
"b'""\xb1h\x14\xc1\xddg\x9d\xf4\x9d.C\x97\x0b\xe2\x91\xb5\xfe\xa7\x1f\x91n\x9dW\xd4\xc2\x97\r\xa2<\x1c\xca!\xe0\xd4\xb3FK\\\xb2\xbb\xd1v/A\x9d\xde\xd3V\xec\x89x)\xcb6\x9a\x114\xca\xaf\x99\x93\xb4\x82\xac\xa6v\xf3\xca]\x9f7>|gxA\xc9\x03\x1b\x0b\xa3\xe9\xd5\x9f^\xa5\xf5\xa9\x94v3\x90\xbe\xb3\nW4\xb7\x95\x99\xcd\xc1\x11\xfb\x0f5\xf4wZ\xae\x13\x8b[\xe5D\x84W>1\x97\xe2\x95\xf4\x14\xe9\xc6\\\x8e\xe3?\xb2G\x19\x1a\x8apt\x95\xd0\x96R\xa1A\xae\xaf\xda\xd9\x12\x15\xc2\'\xb9\xb4""bW2\xd1\xcfG*\x88\x9fH\xc6U\xbf\xd9\x13\x13\x00\xcc\xd9uT\x83\xe8TPR\xd1\x92VD\x00\xda\xe8YWT\xeeG/+\x9e^\xf0\xcb\x89\xd0V]\xeb>\x1d2x\x91\xe1/\x00R\xc5\xde\xf8\xba\xfbo\xa0\xbc\xb6\xf1\x00\x19\x8e$\xf5c\x8a\xa5\xd71a\xacL\xf9\xbb\xcc\xdfB,Y\x8f9\xa8\xf0\xefG\x85\x96B\x15\xdf@X'","b""8\x8c~5\xf8\xc7\x12\xf1\xbf)\x00\xf5S\xfa\xd6\xe3\xbd\xd9\x0c*W\xd7{\xe1\n\xc3Z\xb6\xe5*\xe4\xb9c\x06xt}\t\xcd\x817J\x14\xf7\xaf\x8d\xe2\xa2\xa8 m\xf4tIy\xba\xdc\x0fD\xfd]ZX\x17\xce\xb84\xf5\xba'\x0f.\x1bz\x8d\xdb>\xedrt\x85B\xb0\xdb\x11\x12\x0f\xae\xa8h\xfa`\x06a\xaa\x01\x7f\xad\n\xae\tt\xd4[\x18\x93\xe2f[\xd3\x1c@%;%\xec\x13L_\xf9\x88\xb6LT\xa3!\xbc\xb78\xc9\xf45h\xb0\x9do\xe6\xb7#9nr\x01I\xcd9\xdf\xb5\x9b\x92R \x12\xb4\xc9;\xd0\xdc\x88\x08\xa3_\xfa\x86^R:\x04Q\xa4\xa7\xb6\xd0\xbd\xc7\x9cMg\xa2o\xa9x$\x9a\xde\x1dVur\x06g\xf4P#VV\x7f\xceI\x0bF\xb9<\xea\x8b,EN&\xf4\x04b\x0f3\x83\xa4\x1d[\xf8\xb1\r\x1c\xeaI\x15\x13\xf9\x19\xc2\xa7=\xb5o\xab\xb2\xc9\x01;b\xf9\xc2\x19\xaek\r\xbd\x1dM\xece\x83Q\xbe\xa6\xc8\xe9""","b'?\xc2\xca\xf1m\xff\xc7*\xbas\xc2`\x11\x00K\xf7\xf9@\x06\xca-\xb3j=\xdf\xb1@AW\xfe\x1f +<\xb2)\x93P\x1b\xe5j\xc0s7*u\x19\xd7\xed\x88\xf951\xd83\xaa\xa6\xaf\x10_\xad\xad\xef\xad:\x94\x04!\xcezP\x9cn\x0f\xc44F2\x92D1\xd9B\xacW\xb7D\x86\xbc\xa5 \x0c\x9dG\xbc\xafe\xa3\x89\n\xf6\xc0\x9b\xc3\xbc\xea\xb6\x95\xf2[>\xc7\xc0\xb1g=\x9b@\xce\x86(\x13uU\x11\xa2\xc1\x0b\n\x98#\xa8\x88\xc0\xee\xa6\x07W\xe5(g\x92\xa2Q\xdd]\xb0y\x10p\x01\xf7\x9cC\x8f\xb5\xc1\x0cA\x86=N-\x12BJ\xee{\xb3w\xae/$\xb8*\xaa\x8c\xb8y\x85U\xca\xa9@\x14\x95\xc1\xceQ\xd4-\xdd\xfc\xcb\x16\xf05\x9a\xfd\x1a\x15\xdep\x8d\xbd(\x13wZ\xdei\\\xfd\xd3M\x16\x10H""\xe7\xcc\xcb u!\x00s\x95%Fvj\x7f\x15S\xba\x93\xc5\xd6%\xf2~.4\xe1\n\xef-\xb7\xccP\xc2.\x04\xc1\xb3'","b'\x1e\x81\xd5zc\xbd\x8e\x1a\xe9\xd3\xca*,l:\xb3\xea\xe0l\xd0\xe4\xf7\x0f\x1f\xed\xa6\x86\x87`\x93pZX;\xaa\xb2\x92\xeb\x16\xac%\xcc\xf1\xea<\xd2\xbbJ\xfc\x01\x83\xcb\xf9&\xfa\xd2\xd0K\xda)Sb>E\x0fz\x9c\xe1$\'s6\xf0\x88\xa2T\x18l%3\xef\x8c:-\xb1\x92x>R\xba\x01\x97\x84\xe6\xa0\xe2U\\\x05\x01\xfas!\x90\xe2?_\x01\x041\x96\xe17\xc0\xf8\xdc\xad\x98\x12t\\.\xec\x0f\xc49H\xc9\xce\xe7\xc6@q""\x8c\x01tNr\x91\xbd\xf28\xb6;PZ\xc8y\xc5^\x93K\x14u\xb5\x87R\xb8\xf8\xbba\r\xb7\xc0}\xc7\xcc0\x18Y\x82\xc2\x1f*\x0f\x89-eY\xc8\xf8<\xcfKP|\xab\'\xd2\x90GO_\\&A\x831\xc2U\x8d\xdfd\xaa\x1c\x1c\xb3\x93H\xf3\xdc\xdf\xb8\xf4|\xf6(\xfb\x9e/\xb6w\xa3\xea\x9f\x91\xd2\'c\xf67\xc5\xd7\xed\nU&6\xfbiVgw\xa3Z\x8bok.\xab9r\xa8\x8a\xde'","b'[\t\x92\x92\x8a<XX\x99\x86p\x8b\xe0nP\n\x8a\xf4\x177\x808\x19\xec1\xffh\x12\xa2\xa5\x11\xf5\x8c""\xbe\xea\x12i\xf2\xf3z\x1e\xb6\xa9\xaaf\xd5r\']\xeb\x15\xb3~\xc9""\x8bI+R\xc5\x0b^#\x1b\xd7MV\x14\xc3\xb1\xfe\xeesQ\xce\x0c\xa6L\x94m\xdd\xe8z\xcc\x0c\x1e\xe7)\xbe\xac[1\n;\xdf\x0cTz\xff""\xfetF\rB\x9cIg1\x8d\x0e\xbb|v\x86\xdcI\xb0\xa4\x18C@G\\R\xe6\xdc\x82\x99\xb3)\n\xdaM3\x99\xe8\xc4N\x1bF\xe1\xd9\xf9\xca\xd3\x82\x98\xc8bQ\xf9*\x08\xfb\x83\xb5\tx\x904\x1b\xfa/\xd7\xe7\x7f<\x1chX\xca\xc5\x9c?\xcf\x8f\x01\xa0\xd8\x1am\xb1s\xb2(\xd6f\x06\xc34\xde\xbe\xb4x/aQ\xb3\xed\x0f\x0f\nP\x0e\xd0\x0eF\x1e:Z[|-\xc9\xeb\xc7\x93\x18\x04\xa75i}N\x0f=w\x19\xecr5bA\x9cm\x80\xaff8q\xff\x816\xd1\xfb\x8a\x84\x0e\x165jZV\xab'","b'>\x00\xff\x9f\\\xbaw\x91\x88\xeb\xbf\xe3ov\x99l\x8d*_\xe8\xe7M\xe1y\x89\x07DK\xce_\xc3\xe4\xad3\xd0C\x92\x8c\xb4~S\xdc\x9br\x13\xf4\xa1\xda\x1f\x81\xca\xf0\xd64\xd3\xbc\xf7)\xa9\xc2\xdf\x14\x01\x1e\x8c\xec\x83\x95\xf4\xa4\xac\xa7\x07\x81\xbfo\xfb\x94\xb2\x02\x0f\t\x96BBB%\x1dq]K\x05\xa0\x05$\xa0c\xbfg\xc8\x0e\xdb\x9a\\\xa5\xa2qNT\x8b[\xdb\x80NQ-?b\x7f\xd3\xa3\xd985\x8d\xfb\xe7\xcd\xd2\x93\xbf#X\xff \xd4[\xdd\x87d78\x98\x05\x87\x97\x99\xc7^s\x0f\x9bCf\xfbw\xe7\xe8\xdeM=Bz\xfd\xb6{\x99\x8a""\xf85\x0c\x066r\xd3g$a\xf7Q\x94\x92\x96\x94:\xed\x1e\x00\x80C\x1a\x88\xf5\x8cg\x1fRp\x1c\x00\xccn\xf3B\x8a8\xa4\xa18Kf}\x01\xa4:b\x9e\xc8D\xea\x0e\x1d\xa1\xdf\xa1\x01Q\\\xc2\x1bR|\x02\xddF\xba\x85*\x1cD\x98iopI\xe0\xd6`\xe9L\xdc\xdd2U\xe4'"
"b'=\x97m\xf9T\x983d\x9e<v\xb6:\xe3\xe9X\x03tz5f\xf0,\x9de\xdf\xf0\xc7%\x7f\xd1\xc5\xa5{x\xa2\xbd\x0e\xe8[a\x116\xd0\x88\x03\x0b\x11\x04\x96\xad\x06am\x8e\x0cS\xed\xcbcaK\xad\xfe\xb9~\xa9\xc6\xff\x8e^\xbe\xca\x11\\f8\xe8\xd8#\xfe\x82f\xfc\x08?\xaaz\x1c\xb0\x8d\xd2\x7f=C\xdf\xdc\x81\xab\xc2\xbe\x18\xad\xf7V\x0b\x15K4\xfa\x03""\x80\xb7\xf17\xb9:\xcc\xc9\x06\x0c\x0bL\x10\x89\x1f\x1421\x18\xff|\xc8\x07m-\x03\x8e}\t\x04\xc0MP\xc5,\x0fS\x9b\xbe\xa5\xbd\x11\xf6G\xe5\xafn\x0f\xe2A\x93\xfd\x14xb\xb9\x8f\x98I}\x9d\xb9\xfdl\xa7\x99uDfu\xad:\xebK\xc1\x85\xa9cx\xf9D37\xb6M*;\x8a\xb7_ET\x0et]\x16|\xcc\x16\xce\x8cX\x81<\xf4\xa6\x94\xd2Y\x9bGSt=\xbd\x94\x7f+^\xc7\xa0,\xdaj\x9a\xb1q\x0f\xaf\x91\x07J9k\x8aC\x06)\x1e\xe0\xe5O=X'","b'1\x8cKe|g\xdf\xa6\x87\xcc\x15A\xdd\xad\xc7\xd5\xceO\xf9&\x11\xea\xddR\x8a\x83\xdf<\x12\xa9""V\x84\x90\xda\x8b$E\x88Zs\x8a\xbc\xb6j\x9a6\xf6I\xf1\x01\\O\xe45\nr-|V\x12`\x14\xfd\xec>\xe4\x1c\xe0\xcaW\xb3\xc2\xe2Tt\xb4]\xcb\x08\x13\xff\xaa\x90`\xc1?l3\x1e\x1eM\x86\xe8\xda\xb3\xc5d\xbdp\xb4\x92\xa4\x87\x02\xc7{\xfb\xc1&a\xac\xe7/]a!N\xcb\x86\x97\xc8\xa49\xfa\x04\xc0\xe3\xe8U\xf7\x18\xca\xf7\x10d\x04\x00\xd7\xb2,lD\xd4\xbb\xe4H\x17\xc8\xd7\x11\x8c\xc0\x99\x85\n\xd9x\xaf\x84\xc5si\xd0$\x06\xac%\xbeE/\xa4\x9e\xba\xcaL\x13\x91\x91\x07\xf7_R\xbbs\xd4\xd0\x95(\xba\xc9\x16\x03\x9b\x17\xd2\x18y\xfb\x144.\xc82\xc0U^\x9b\x96fC\x89\x01\xbd \x85\x14\x90\xe5\x9c\x85\xde\xbcQ\x8cW\xc4<\x9bqs\xea\x08\x84\xb4\xcf,kB\xe3\x90\xb6V\x04\xda\x04\x88\x923\xdc\\\xc8(\x9a\xc5_'","b""\x01`\xed\xb1I\xb3P\x82\xcb\x15\xe2W\xbcT7\xd4\xda{\xb3\xf5^.\x0fx\x13l[o\xab\x9ai,n$-\x85\x95\x1b\xed\xf4ro\xa4\xe9k\xf8\x8a\xfb\xa4\xde\xa5\xe1I\xd1\xceS}*\xc2\x0f!:]\xba\x003\xf4WRdl\x83\xc3h\x0e*\xfe\x113\x96\x9b\xf7!\xb8\x14\xec\x99#\xa0j\xf1\xc2P\xfc\x89$\xff\xe03\xeb\xb7A\xfa\xcb\x84\x84\xa5\xba\x81\xff\xce\xe0\xc5\x87\xf5'\xfd\xdd/\x17W_\x1b\x84\xd6<\xc2O\x19\x12M\xb5#\rm\xf1M\xcf\xa9cp\x1e\xfb\x02Wk\xdbEg\xa0\x83\x92\x8bp\x95>3\xf3\x1c\xe6\x88\x9cI\xfdS\x02\xbc\xe15-\xdb\x1c\xc2\xb9\xdc\t\xa5\xa6\xf31\xe1Vyj\xf2\xf8c\xc3\xfa\x9a\xd4mtI1T|\x82\x1eK\x0fX\x96(\xf2\xc2A<J\xaa\xa9\xd9/\xe3ZyRK\xb1\xc7\x9e\xe5=\xca\xb8\xe3\x94\xfe6Q\x1ey\xf1\x1c\x17\xe8\x02iD\xe8\xfc\xfda\x1ajM\xa0\xad\x88[\x0f/\xf1W\x1ag""","b'`\xf2x2\x0b\xf6\x00/\xdd]M\xc5\x10\xb50({\xa9o@e\xc1Y\xab\x8b\xad&\xdax7{\x9dNA\xf3\x91\xcfU\x03\x1cq,\xc4Cn8\xa5\xef=D-D\x94\xdc\x1d\x06 \x0e\x03\xf7\xb8\\\xcd\x87(\xd2\xceN\x88\nR\xd9\x9a+\xc4m\xee\xbc\xae%\xe7\xd7K5\xd2\x8f\xfd_\xea\xc6l\x02\x8e7\x8f\x08\x83\x88:s<\x05\xd3\xd5H\xae\x8c\x05\xdf\x88\xd6\x16\x94?dj\xd44!\x92\xb5\xc1\x174\xcbj)/\xc5\xe8p\xe2\xc6\\\xf3\x1c\x017E\xdc\xe4\x95-I\x99\xee\x8fmc\xa2c 1P~\x06\xc6\xce\x05{\xb9\x84\xb5\x03aT\xde\xc7\x1cv\x9f\x07\xe3\x89Q\xa4\x85\xc0\x05:\xf2D`\x9f\x02\x19\xe4\xbe\x18""Ng\xc1\xc9u\xcc{\x83\x0bC\x9a\xa8\x89\xff\xac\xd3\x08\xe6\xe1JD\xd9\x87\x98j\x88D\xc2<5\xdagn\x86\x91\xda\x7f\xfaIo\xaf`\x0e\xdei6D\x1d\xe7\xbe\xa17\xa1ES\xdb6\x8f\xe3<\xe9:nqn\xa2'","b'R|\xa0i\xce\xc8\xbe\x92p\xe7H\x1b,[6 ;\xc1\xe8\x1d\x89.\xf9\xe8\\\xba\x04+\x19\xec\xf9\xb2\xc6\xde\xda5%&\x90\xadb\xa5\x98p\xe7\x95\xa2\x1b&""!\x91#\x93\x0e^\xeeP5Y,8*9]\x00\x88\xbf,\xbd\xc6|\xdb\x81\x04\xdfxD\xda\xb2k\xdb&\x98\x84[\x01\x8dQa<\x16y\xab0\x9f\'\x8c?\x9a\xf0K\xa1\xdb\xce@\xf8\xfd\x90\x02\xf5\xcbt\xb2H\x95R?\x9aL\x917E*\x7f\x8e\xf9D\xe2p1\xab\x17X\xfb\x1d{\xa2\xd5\xd1\xc5m\xf3Z\xcd\x06>\xe7\xad\x01w\xda\t\x1f\xa1\xc5s\x11+\x00V\x8c\xe0\xfe\n^\xae\xfeL7\xc1\xf3\xf6\xa5\xd2\xd4\x86\xf2\xc7\x1d\xf5\x96""\xe3\xbe(\xa6b\xfd\x80\xdc\x08\xd2k6\xa1<\xab\xbe\xf0\xf6\xcd\xc6\x11c)W\xc7\xc5\x8b>\xf2\xe3\x02s\xecFcR.d\xa6\x80]cO\x14q\x82\xd1\xb1%|/\x03\xd7\xd5\xc7\xec\x0c\x8b-\x07W\xe1\xfb\x95\x1f\x15\xa7D""\xff=\xe6\x1a'","b""\x01\x12\xb4\xc7\x87\x17\xb7\xa4\xf6*\r\xd5\xd9\xe6\x7f\x82\xe5\xc1d\xc6\x95\xb5^e)w\x05\x9f<\xfd\x89\x9b\xe6\x06\xab\x1a\x87\x02\xc6(\x15\xa2\x99\x18\xf0\xa3GXz\xdb_\xbc)V\xde\x80\xac\x9e\x01x\xe1R\x1a6,\xccG'\xad_au\xab#\xd9L\x82A0\xb9\xf2\x9cm\x02\x97\xe5-Ej_\xe2\xea\xc39>\x07\x85ot\xad\x80l/\x82P\x82\xe4r\x80 9x3\x1f\x9c\xd0\xe2P\x8e\x92|\xcc\x03\x7f\xe9\x81\xe4:\xc2\xa1j\xadc\x8fI\xdd\x1a\xd5$\x05\x18\x7fGpI\xd5\xces,\xa6AE_\x15\x91\n\xad\x16\xae\x8c\x90%\xdc\xe1\xef Sw\xecqGA+\xaa}\x8cC?\x92M1\xf5\xd8AQ_u\xf9R\xbe\xb4\xdb\x07\n3\xc2\x13\x9f\xea\x8a\xfc\xa6M\x0c\x1c\xb0\xc7\xa2\xd4\x9e|\xf1\x99r\xb8\x0c3\x1d>7\xca\xac\xb6\xfcA\xa2\x8f\x13\xa5jS\xddC\x0b\xe77+?\xd6\xcd\xce5G\x10\xa1o\x10T\x912\x89|\x88vq9"""
"b'v\xf1\xe7M\xf3\x1f;\xcb\xaf\rF\xb2\x90\x80\r\x95\xae{\x8eX\xac\x1b`\xa9!\x84\x15H\x8f\x93\xe8\xb5\x87\x7f\xf2\xd7\x95\xcc\x80tJ\xb8>;\x9f\xd6]\xf6\xbfB\xaam\xc4\x8e.\xafnF\xb0F-aOly\xfdR\xe2\x0c[\xb5g\xde\xc2\xd38,yJ\xcf\x0eI\xef_\xce\xa6\x0f\x7fh\x03+\xbat\x85T`\x00\x7f\xcd\x98\xae\xeb\xca\xa81\xa2\xef\xa5\xc6\xa4\xe9\xda\x0e\xe5\xc06\n \x1d\xe5\x95f6\x84j\x99\x8c\x0c\xa8\xaa\x04\n\xc5\x10N\x0c\x1f\xbb+i\xc9P\xbf\xb8\x1d\x02K[\xbfw\xe7\x8bq\xdf\x05\xb1\xb9QlT\x1b\x02X\x1c\xdb\x80\x86\xbc\xb5\xe2Z\xac\x84\xdc|#\x90\\@\xf7c\x02%\x11\xd4,\x93\xb2\xd9\x10\xf1G\x9bC\x9f\xbf\xf96\xec\xb4\xa8\x116\xa5\x0bH?\x07\xcc\xe5\xae\x95AC\x01\x0bT]Z\xabZW\xdf\x84+\xc7\x12\x17\x94CP\xd7b\xe9SZ\xfd\xfd\x1c\xb5\n\xf4\xfe\x14\xf4Z\x94P\r\xf7\xb7\x0e\xa4nH\r'","b""\x19\x17\xbc+]\xb0\xe6\x94jG\xbd\xb1\x8a\xb5\x89\x93\xad\x1ag\x13T\xf4\xf5\xb6\xf9#<\xcbe%Z\x02\xc5(Xf\xb2\xbf\xfc\xbd\xdcB\x90\xb3T\x1a\xac\xbc?\x87\x80K!a\x034 +\x83\x08\x05\x11\xa6\xa8\xee\xce\xd034\xc8\x96\xd7<\x86ya\x0f\xbd[\xb0wk\x9e<\xd7EWJ\xe4\xca\x82\\\xb2\xeb\x9c\xb8\x18,\x0b+\xecS\xcd\xb5\xc1L\xd7\x92K\xd5\xa3\x99\xc8\xc4\\\xbf\xb2lT\xa9k\xbd'_R\x1d\xca\xc8\x97&d\xe3d/\x89\x84s\xd1>\xbc+\xa0/\xe1\xed\x9b\x1f\xa4\xbc\xce\x9f\xfe\x80\xf0\xfe\x02\x86\xbcM\xb1m\x98jV<.\x1bX:\x13!X\xaf\xb0\xa4\x03\x04\xc5\xc8\xd1D\xe8\x84\xd3\xf3\xa4$\xe2\\\x0fS\xab\xe3\x84\x07\xf5Myyd\x9f\xce\xdc\xb3G;\xdcte\xb5\xbehI\xde7\xeb5\x08\xcb \x9c<\xc3\xc0\xbfwNEP\xec'\xdf_\xabg\xf5^ \x8b\xce\xdf\x91\xc1\xbc`v\xa5\xc27\x04\xd7\x8a\xafU\x13y""",b'\x7f\xb1\xac\x9fM\xc1\xa7\x7fZ\xe7\xf2wj\xf5a{\xf4\x83\x96\x80\xbbx(\xed\xa7HN\xb2\xd8~\x15\rB\xf0\x8b\x06*U\xb8\x88\xf1\x111\xee0\\Q50\x127)\x96\x1f\x00\xc1\x12\xb8\x0e\x89\xed\xee\xdc\x90C\xf2\x98O\x91\xf8\x8fV\x93m~\xe3\xf1-]\xc3?u\x0f\t\xb1X\xafE)\x1fW\x8eT\x0c\xa3\x9c\xac\\\rs\r\xcanF\xfd\xc9\x9a\x8e?\xeb\x0eo\x97 e\xfc\xa9#\xf18}\xed\xc2h\x9e\x0b\xa5yX7\xb5\xa8@%\x1aEbq\x06R`\x89;\xb6\x05t\x96<\x8e\xc3og\xd1@\x03\x80(\xcf@\x18\x18q\x08\xa7\xdfNDH\t\x9a\xf2n\xa4\tK\x01\r\xf2b\x01SG\xbc0\x9b\xb3y\x85\xc8\x12g\x90\xd1\xc5\x9d.\x08R\xdf<\x08Df\x03\xde(\xbf\xb3\xda\x94\x98\xc7M\xee\xd0x\xb3\xe8\xed\xf1\x9219\xff\xfa\xcc\x8ad\x16\xe9l9\xf3\xaf\xf6\xdeT\x9a\x05]\xd5\xd0W\xe0\xd8\x99\x02\x05\x02\xd1\x80=\xaa\x95!\xd4',"b'\xa3\x82w\xd2~,:-\x9c\x80t\xae\x16\xe9]9G\xa4\x9b\x9a\xba\xa5\xc3tF[*\x82\xf3\xe8\xc2?\x1dD\xd1\xf0\xbb\x0f\xd4\xd4\xe2qq|\x1e{!\xe52\x8f.S\x99\x10M\xa5[\xa4\xef\x10\xf1)6\xe1zv\x96\xf8\xce\xf5m8\xf0\x13\xcbtYMF\x88~\x1bS\xda\x81\xfb\xc1\x03\x19-5\x93\x8d\x96\x0f\r\xb8{N\xb92-\xdb\x18""\\?u\x953\x87\x00\x05\xc1%\xa6\xfbG\xaf\xf2H\xe3\xec\x8a]r({&Z!q\x1b\x06h""\xdcQ\xddA\x17F\xa5\xaens\xb8\xaf\x05#N\x87\xc6\x17@@\xb1\xef\x8f\xaa\\<U\xaa\xe6l\xa4A\x91\xd2\xb4\xff4\x14\xdf\x90\xd3\xea\xdb\xe5\xaf\xdfLl>\x05^\xd0\xb8\x8aq\xec\x8dh\x119D\x9c\xbf\xfed\xd0fiC\x9d\xfb\x94\x88\xcb\x1c""$\xc3+z\\B\xc42\xa9\xe9\x82;<\xa1n\t\xc3\x87\xda\xb8\xdf\xb6\x05Jvnpg\x04tx>\x11n\'\xd8\xd5\x1bp\xe4\xf2sz}'","b'\x8cf\xf6;\xc4\x1d\n\x93}\x07\xd7\xd0\xe3/\xc6\xf2\xdf4\xcc\xb3d\xf9gM\xf2\xd4s\xee\x07|\xa6\xc2\xd2\x02=\x11\xa1\x15r\x14\xc1\xb8\x94\xc1\x1f\xed\xd5\xae+\xc3`\xab\xab\xd6~\x05\xe0\xc1\rKMy?\xe9e_t\xe8\x1a\x1a\xe3\x07\xd9}\xd6\x01\x9b\xe8\x95{\x15Q\xa4\xff\xd3B\xc0\'\x1d\xe2|T\x9c\xddf\xcd\x8b\xba\x90E\xec\x13q\xa5\xdb\xf4\xaeW\x12y\xbc\x1c\xcf\x1e\xd43m\xbeD\xf9\xf0w\xf9?\xfa\x04\xe5*\xe1-x\xb6{\x0f\x0f5\xb3\x03\xf5\xbc\xfe\xe9>\xec65\x08\xc6\xca\x1f\xb3$s\x8a\xedCu\xb7\xf1Rv\xbc\xbeU\x8f\xdb\xa4\x11\xea\x06Gv^\xeb\xd9\xc7\xfb/\xb4r\xb1\xd8\x0c\x15\xad\x9e4\xe6\x8e\xf9I\'d\x02E\xf5Lh\x0bjwUu\xc0\x8f\xc1\xec\x89\xe1T\xc7\\\x9b\xfc\xcb\xa7\xab\xcd\xa2H*L-r\x17\xf9\xe0\x9e\xca/sKC\xed8\xd6\xfb\x8ea\xe4\xfc2""\xc8`\xbd\xc8\xa5_QW\xb7\xf6Q%""'","b'\xa9b\xa7l\xc9.\xf5B\x1dm\n\xd9[\xab\xb9\x8eU\xeeb\x95\xb91\xfb\xda\xe1k\xf3+\xb0x\x84W\xc9Z\xcf\x83o\xd1Y\xf2\\\xc1\xb0G`.\x1b!\x86\x15{\xcc<\xf5\x88\xc7\x1c\x10F\x99\xdd6\x9c\xa6\x93\xf0\x10\xadx\xcb\xc6\xe8\x9f!\x08\xc7\xf4\xba\x14\x8d\xaf\x1e\x8b$F\xa6\xa6\xfbo\xf1\xfc\xc0J\xc8\x08\x1d\xe4\xb3@$\x87\xacu\xe5\xae\xb5=\xb4\xbed\xf1\xc27\xc2\xee\xad\xeepJ\x01\x96Ya\xf7*\x1aVr\x1a\xc0{\xcd\x07\xd0\xe0=8\x03\xdf\x8c\x19\x94@;C\x9c\xb4\xd6n\xd0UU\xf4F\xae\x99\x9d\x9d\xdf\x03Q${\xdd\x9f8\xae\t8\x0c!\x17\x85\x9d\xc7NVMZ\xba[\xbbNY\xf9\xec>l,\xcac]v\x13~ \xb3\xee\xcb\xc2\x05\xd3\x1e\xcdP\xabG\xb1F\x96\x1c\xb31}`!\xd96!\xc6\x19\tt)\xacwG*f\x8f\xcc\xca\xeb\xbb\x02\xaf\xa7\x1f\xc4\xe5um\xadh\x8c\x99v\xbe$D\xc8\xdbB\x98\xd9\xed'"
"b""=\xab\xd2\xe0\xa8\x01\xcc\x1ewn\xc8\xc0\xa3\x8a\xd0\xa42\x8dS\x8e\xf5\xa6d+\x94\x07\x0f\x01T\xd7\xa4\xf3\xab\xe9\xcc\xb5\x14\x0c\xbb(\xa4\xa3\xaa\xfa\xd97<\x92\x1e\x01l\xaa\xe5\xd4N\xc7\x82\xd5\xea5T\xa4\xe6L\xf1\x16\xbf\x9c\xe7\xe5\xce\xf3\x1d\xf7df\xe5&la\x80$\x06\x9a\x00\x90\xc5\x11\x8a\xcd\xb8a\xd2\x1b\xd4\xa9\xb0\x1eH9\xd4mS\x16\x0c\x95\xcc\xee\xb8\xd9\xf27\x0f1OY1\x84\xc3z\xef\x9e\x17\xedC\x1b+!\xee\t\xad]J]\xc6\x80\xf3h\x86\tL\xb8\x7f.\xe0+XN\xf7\x0f(\xb2IX\r\x8f,\xe9Q\xa6]\x92\x90\x0c\x97\xfa-\x020\x80\x1b\xd8$\xfd.\x8c\x87\x98(\x1d\xafH\xdf\xd6\xc72\xb7\x02\x8a\xa7(\x92\x85W\x04\x06<\x10:\x99\x88\xb1\xeeX\x19\x80k\xd5\xe5l\x03_0e\x80\t$\x04\xe5Y\x8a\x96\xe6o\x8f\x96{k\xc8\xf1\xba\x08\x92\x94\xfb\xc1Z\xbe\xbbi\xb4M\x9d\xd1X\xef-C\xf0\x87\x00\xe7\xc4'\xa7T""","b'I\xde\xf8)\xba\x91\x1b{!RO\xee\xc6\tA\x08W\xfc\xdf\xc2p,g\xe9\x04\x7f\xbe\x8a$v\xf2\x8f_\xf2\x8fA\xb8\t\xbc\xcb\xf7I\xf7\xdc_\x81d]\xcc\xd6A*\xaaS6l\x0e\xd8k/\x16P\xf5\xb1o\\\xb7\x87k\x8b\x8b+\xff\x9fr\xeb3\xf6<\x9d\x06i\x87(\xeb0\x02\x98""\x1cF\xc4\x08\xc2h-_\xc1\xf3Z\xc4\xdc\xa9\xc1\xe6\xa8=\xa0a\x99\xc6\xad\xab\xfd\xa3\x85?\xf2\x0b\xeb\xd77""\x1d\xb9\x8bc;w\x9b\xc8\xd5\x8b\xe4#\x94\xfd@\xb0\xcc\xb93\x03\x1b\xbe\x97\xc3r\x8e\xa5\x87\x8bR\x1c\xaa~\xbb\x07H\xad6Y\xa0\xb34\xf7\xd9`\x00\x87G\x91^\x9e\xb1\xd7PP\x8c9\x8e\xf3XW\xc4r\xdc\x94v\xeeV3\xb6\xc5\x10\x177\xdc\x07\x06\xae\x01K\x15\x1f\xd7\x17yD\xa5\xa0N\x92\x07\xb2(\\\x0b\x917\xccq\xff\xf6\xce|\x89\x82?7{\x07\x1e\xd4\x135\xf12\xde.s\xac\xe8%\xb1\x95\xcf\xe5/\xcc\x16\xed\x01\xde\x0fR'","b""L\xc7\xac\xadYN\x9f`\xc2'(i\xfe&\x84B<\xf7\xb4H\xf5co\xfe\x95\xe2M\xd9\xaf\xc0\xc3\x97\xad0\x84W\x9ev\x99v\xec9-h\x1faj\xbd\xb3\xc4\x84W%\xd4\xb61\xb1\xa0=l\xc1R\xc1\xc8P\xbb\xde6\xa9;\xfe }\x95*\x8e(=\x04\x14Q%H(\x15\xf0\xf0}\xddWj\xde\x05\\\x14\xfb\xcfD\x85\xc4\r\x90\x0b\xa5\x18Z\xe2fs\x83\xbc\xb8\x9f]\x9c\xd3\x98\x84\xcd\xb8\xeb\xbd\xc2\xb8\xc7\x07\xbb\xeb\xeb\xef\xed\x92a\xbc\xcfa\xb7\xaa/\x8c[\x8b\xb7\xd1X\xd3`D\xfe\xda\xc2\xed\x87;\xa6d(*n\xe1\xa1;~\xb4\xe7u\x17_\xfe\xd3\xbd3q\xceaM-p\x13_\xf1B~\x80\xd3\x85\xff\xf6\xdbF\n}\x1bc\x068?o\x88)\xe8\xd1\x1c\xe23>}\x05yZ\x06\xd7\x92\x12\xd3\xf6_%\xae\xd7\x95\xaa>\xc2m\xd7\x07\xb4\xb0\x83\xc2>\x97\x9f\x1c\x00\x03\xe2\x03\xe8 \xe2T#\x85citF<\x16'\xb4\xdb\xfdf""","b""W\x8cK\xfd\x9c\xe5\x0c\xc0F\x85\x16\xcb\\\xbe\xcdh\xba8\xe8\x10\x00\xa5z\x00\xcf\x87\xb4-\xc9\x11\xd3\x89\x18)B\x93\xc0\xe7\xb6\xfd\xd5\xdcBvd:l\x01)\xec\xeb\xb7\xb3\x8a8\xbf\xe6\x04\x1a\xda\xf1W\xc0\xac?8&&\xa8v\xd4\x04\r\xc1L\xb0\x80K\xb4\x17\x89t\x05\x9an\xfd\x16K1\xc1\x84\x00\xf6\xd3\x14\x17o\xe7\xfd\xf3\x91\x17\x8bjG\x93\x83\xa5\x89p\x92\xadv\xf5!8\x12:\x8ei3\xda\x9fJ \xb3\xa24\x94\xfa\xdc\x9f\xac\x12+,\xfe\x92\xaf\x90\x14%\xd4\x9dB\x86.8\xaa\xf4z\x11\xec\xdb\x89\x8d\x150\xa8\xccf\xe4>+>\xce\xf7\xdb\x19\xd2I\x92\x1e)\xab\xd8\xc8\xce;\xd2#B\x01\xd2\xba\x86\xa3\xe6u\xa0\x98\x80\n\xb9\xedt\x14X\xc4\xf6]\xdc\x88\xa8'\x86\xbd-\x13|\xd0\x1b\x8aw\x86N\x02\x1e\xde\x14\xd2~%\xee\xa1R\xb6\xf4P\xd1\x95\x06\xc0\x89]:m\xfc\xc8?\xd3&\xf1O\x0e\x12\xf4\xdd\xa9j\x13OA\x99\xeew""","b'`\xa6\xfd\x00\xdd,\x12\xfb\xd3M\x12u\x191\xb6\xaf\x0e(\xd5\xcew\xb0~dk\xf2\xc2\xabv\xc0e\xc3x[\x8c\x03\xc7\xa3y\x85\x16$\x07\xd6\x1e\x11=\xd6\xb6\xf7\x15n@<\x1fa\x04x\xbc`3\xc9ZX\x07\xe3\xe9\xff\x81\x08Z\x99UW\xcd\x9d\xab]\xab\xa6\x8e\'\xd2\x10\x84<FO\xa3\xda\xf1\x02eY\xdek\xbe\xfa\xaf\xf0\xa1\xef\xb7\x0e%\xae\xe9\xe1L\x87=O2\x15\xf1\xf1\xd2H\xf4\xc9\xfc\xd9\xa5;ib\x02\xb0\x1al\x9c\x9ei\xdc\xfbl\xc6$\'0H\x9f\x9e\xb4\x80\x0f\xa3\x83O\x1f3\xdb\xcc\xb4\x9b$\xaf\xfd\xfd\x7f\x98yi\x00\x08b\xe58I\x82\x98\x86~\t\x9an\xcd\t1\x96\xe9\xe2HB\xc5e\x0bMN\xa3\x85G\xdf\x80c:\x86\xc4\x14\xbc\xc0//\xfcD\x02\xf9\xb9\x82\x19\x92?\xce\xdb\xff\x11\x7f\xc0\x05V\xa0\x18\x19-\x17L\xaa\x8b\x1c[\xf0\xcd""\xee\x1e\xadp)\xbfb\'\xa4\x8ea}\x0b6f\xfc\x9f\x9a\xe8k\xf3\xf7p'","b""\x06\t\xfb&Ml\xbelw\x19\x06\x8d\x1b\tlD\xd4PcqX\x9b\xfa\x05\x01\xc8h\xc2\xed.\xbe\x8a@\x85\x11\x120\xce\x14=\n\xae/\xaa[1\x02\x9c\xe3\x84\x9a?\xbc\xaa\x12\xe3\xb6D\xddM\x080W8\xc2k`\xd3r\x84C_\x10\x01y\xa0=<g\xd7U{\xf3\x0cu\x90/\x1e\x8c\xe0\xd5 X\xd9ldZ\x12<'qY\xfe-:m\x10\xb1w\xf0\xb1-\x9cJ\x0b;\x14\xc74\xfa\x90r\xe2:Vcg\xcb\xbb\x8d\xf6\xb5a/\xf7l\xd6\x9e^\xcb\xdf\x830\xed\xc6\x9dv_\xd6/\xf79\xc6\xf7?\x82N^d\xff\xb6\xcc\x1e\xe3\x19.\x14'Sh*\xd8\x82\xf4\xe3R\xaa\x01\xf6\xbeHOlbn(g4\xe4\xd1\n\xba\x14S\xcfpFYg\x10@y\xd9}b\x93\xc9\xe6\xfa\x80\xcb\x8f\x82\x15.-g'\x0c\x986\x1c\t&\x0e7\xc5u\x11b96O\x98Y\xa0Vkj(U\xc6Z\rTP\x05\x93\x8b\x02>\x03\x8e\xe7\x80\xb0"""
"b'\x87|\x13n\x9d\xca\xc9\x88m\xc7\x02\\{\x87]b\x16\x11r/\xb8mM)\xaf\x05_\xef\xd1,\x1b\x9e\x85H\xa5!Y\xb7\xf3\x1c\x04.F\x0c8\x95\x1f(\t1\x92\xed\xd6O/\xa9\xe8\xdc\x84L\x9d3T\xf3\xda\xa8\xf8\xb7\x93\xf2\x9c\xdd\xf7\xbc\xef\x0bOC\xa4BH\x0b\xe6\xb4\x18;\xec\x16\xb5\xb6?\x0b\\\xa3\x8d\xea\x18\x8c\xd2F:\xe1\x89zV:\xf2\x1f\xe7\xd1uVq\xf6\xbb~*{""\xa7\xe0\x08\x1d \xa2\xda\xba\xe2\xb6\xf2\xa6\xaa\xbc\xdb\x9f\xec\xdd\xd5\x0fU3h\xf2\x94\xd3\xac;\xd2]\x08*\xbc\xe1~f)\x92v\x85\xe7\xb9]\xd4\xbaS\x88\x9c\xed4\xcaQ\x12\x8c}]:x\x97\xe8\xcb\xeb;\xef\xcb{\xe6mf\xc0\x99<O\xe0\xfa\x0e\x9b\xd38""^\x93e\x98\x90\xe9\xe0\xcc\xf8\xae\xb3\x88\xb3\x88^k2:GC\x06f\xa8B\xc9!\xdd-W:\x1d\xf1Q\xe8\xc0z\x90e\xb9O\x00L\x1b\xb2\xd1#\xf3z5T\x03\xc8\x17\xe7u\x03\x82'","b""\xa6\xc1\xfa\x13\xb8m\xee\xd4\x19Q\x10\x9a\xff\xe2q\xe4\x80F`T\x05)<\xbc~\xc7\x9c\xfbw\xae\x14\x9c?\x91\x02'\xf0\x17\xce\xf7?u\xab\xba\xbf\xa3\xd6W\x10\xec(X\xfd\r\x8a\x0f\x00\xc6\rN\xa4.\xbbn\xff\xb3\x8c\xa4\xc2\xaa\xa33\x08\x88\n>pY\x9er[Lk#\xfe\xd9\xba\xfb]0\xe1\x05\xe6\xa3\x12\n O[\n\xd2A\x87\xd7\xaa\rdgJ\xcd\x96\x08\xd0\xe5J\xb2$F\xc2\xb9A\x84~\xce\x00\x83\x1c\xcf\xe9\x9a2/fB\xa3\x97V\xc9\xddU{\xbf\xf4`\xc3_c\x96\x12\x9f\x12D\x08\xdb\x97l\x7fE\xcd\xdb\xfb\x9e\xac!\xbf\x19]\\\xea2\xe3\xfdt\x98{\x156\xd3\xb1\x04~\xa5\xe0\x06\x8b\xdc\xcf\xd2'\xb9\xe5\xc8Oa\xb3\xd8\xf6r\x80A\x946\x01MS\x1a\x88\xa0\xd7\xac3.\x8af\xe1\x1f!\xa1\x9b\xa1\x8ci\x0b^\x14\xb2\xe4Y\x07\xf4q\xbc\x07\xec\xcd\xd7^\xe7\xbe]\x03T\xd2U\xd329FI\xf8\x84vB\xfa\xdb\x10""","b't*C4\x02\xdc\xbb\x03b\x15=\xaa\xd4i\xc0f>\x84\xd7\x16\x19\xdcG\x89\xee\xc5\xfd\xec$\x9fF\x0c#\xe2k\x9agg\xd0\xb7\x06\x0f\xf9\x9b\xbf\x1aG\xf6\xf5\x0f#\xa6\x9d\xe4\x81y\xf0\x03\x8f\xdfJ\xd6\x9f\xba.\x05\xef\xce\xb8\xf4\xc9\xb7\xc8\x93\x07\xa9T\x18\xba\x89\x7f\x03_K""@\x8aH\xf9\xce\xf96\xda\xd5\n/\xa6x\x93xE\x8a\x96?B\xddpe\xee\xfb\x14\xba\x15/)\xbd\xfc\x8a\xcaJ\xe76\x91\x08\xd4J\xadM7\x104\xc0\x88\x9f{\xe0\xf2\xbeE\xb6Pi\xfbL\x99\x9a\x0fq\x80\x06\x98\xde\xe6s\x06\xb3n r\x08\x840\xde;\xf7s$r\x15V\xfbO\x8bx\xd6\x1bD\xf9\x19\xec!ks?\xad\x17,\x91\x8eQ\x1c\xceJL\xac,\x12\x1d\x94\x15I\xa8\xd7\xbd\x98\xaa\x89\x02\xef\xb5\xe3\x1a\xa1\x9e{\xecR\x1c\xc4$}9\xfd>fc\x824\xb5\x9e\x91H\x02\xd2\'<\xc5\xb4\xfe,3:\xab\xd7\xde[\xacBf\xb1h\xdb:sd\x13'","b'\x1bO\x03\\wPv-\xc0j),C\xf9N\x8a\x90\xfae:\xa9\xadp-\xe8\x12Y\x80\xfc~I\xd6\x139\xcbw\xcf\xdd\xa1\xa0\xc0\xd7\xb3\xc6\x90\x11\xed\x87\x1c+\xed""F\xbc\xa4\xbd\xe8\xe1\x00vBh\xaa\x87\x04L\xdf\x8c\xce\xefo\xa8}\x14\xf5\xfeS_\xb9\x02\xae\xfa\xc6,+e,a}^\xa9\\\xd7\xbd\xffT\xc2\xd0q\x95g\x90\r\xe9\x1f rt\xf5\xc7\xe2~f\x9c)\r\x98\x88\x03x/\xdb\'\x96eUT\xa8\xadc:\xc9z\x18\t\xdb\xbc\xad\xa8\xef@\xac\xa7\xf8\xbd\xbf\'&\xf9%?\xab\x89\x97\xf36\xa8D\xc7y\\]\xe5\x96\x0f\xa6\x9a\xc1\xa1\xa3\xcdI\xab\x8aS\xd6h,Y\x9e\n\xef\x19J\xe7\xeb\x06\xa2\x08\x05\x17\x0f\xb6\x9e0\xe9?\x87_t\x1ca\xac\x82:\xed\xe4\x96\xacD\x12\x9ce\x03\x0428\xfc+s\xf2[\xb6\x9d\xdc\xa1\xe9\xc8T\x85\x0c\xec\xad#\xec\xaf\\\x18\\G\x87\x89\xf1\x1b\xd0wP\x08\x9a\xe9\x18\x0b\x1c\x01-\x01'","b'\xa6\xa1\xae\x95\xe6\xd0\xef\x1c#j\x9b=\x19sDu\n?\x9f\x1f T\x9b\x122\x99f\x07\xc9Z\x9f\x1dM\x14.\x08+X\xe2;O\xc6\x91\x10l\xa1%\xbd\xe9\x7f\xbd\xe1.\x0f\x81\xe7??\xa4qB\xcd\xf1g6(BNf+\x0f\x19v\x9e\xbd\xc4)\xb3\xf2(\xd1\xe8|\xf85\xcfH\x19-\x88\x85{.\x1ej\x9b\'\xc1\xf8OZ\xbb\x87\xcf\xa6\xf2\xd25\x853(\xa2\xbc\x82ro\x95\xb2\x93\xa25\xc2C\xddm\x9a\xdb\xc8\x8e\xdf/\x87\x0c\xde\xafIi\xa5Am\\O\x9e\xd7\xeb""8\xf3yt\x11l\x10\r\x10\xaa\xff\xf6%\xbcn\xa7K\xe9\xb1\xb3\xb5\xc2V\xe4\xeb\xdf\x18[)`""\r\x16\xbf\x80\xeau\xc5\x03\xa8X\x1b`B6\xa8-\xe6\xd3\xc4\x99B\xac]\xed\x85\x8e\xa8\x84\x87""{r\x11\x1f+\xd0\x061b\x90\xdf\xae&\x07\xe3w\xfd\xfa\x9a#\xbc6\x0e\x95\xb9\xdc\x0cR\xfa\xb6>6l\x8c*3-\xb2\x1aDy\xf3.T\xda\xf2\x0ep\xc6'","b'%\xba\xb45\xef\x9c\x84\xfb\x137\x8e+\xcaz\x8et\x96\x91r\nG\xe6\x17\xa2\x96\xe5\xd6\xfe\xca""\xc9\xd7yV\x1f\x94\x14{}\xa5Y\xe0\x92\x19\xa23d\x1d\x99|\xc6\xfd%\xe6\xda\xbb\x83\\\x05B\xab0\x960\xa1\x81\x0b\x00[\xe3\xda3\xba\x04\xf8\xc1\xa0\x1f\xbc<\xcf\xdf\x1a\xb0\xfb\'\x02\xbe\xae-\x08\x82\xb2\xb7wH\xcb\xc6\xea4\xae\xd9_H\x9e\xc0\xe5*\xbd\xa7\xb9{\xe9W2\xf22\x8d7a.\xc0\r}yd}\x04oa\xfe\xb9\xf1\xe4\x95\x02\xa6\x96P\xb3\xef\xb2,\xb0\x87\xf9E;63\xc1\xcc\x13\x96\nw\xab\x93\xb0\xafk\xe0\x06\x0c:T\xf1j|5\x00\xff\x0b/\xb8\xec\x92\xb0\xc1\xb7\xc7\x93c\xf4\xce\xb4\xa9\x964K\x03x6t\xe4\xd8\xdam\x8b) g\xeaG\x1f\xfd\xb2\xd0\xfei\xfb\x91u\xd7\xd28\x08\xe6p\xc3\x85\xdc\xeb8\x9byf\x8f\xe03&c\xc6\xa1\xef\x94t\x9c\xd8(c\x9b@\xb4V\xe1\xadD#s\xed\xc1M\x90I\xd3'"
"b'}\xad0\x18\xe9\xc6]&\x87\xfc\xb80*A\xa2""\xae:\xab=\xac\x8a\xf1\xce6\xbcbn\x80\x9f<\x02\xe4d\xac\x0b\xfd\xba\xde\xe35L#\rS\x12\xbcj\xb7\xa9V|\x9d\xef\xc5I#Se\x1d_\xb1\xc3\x14\x12\x98\xe5\xc5\xcep\xc6\xbdI\'\x8a\xe9\xf2\x8b\xd8\xde\x0f\x170\x90\xe6\xbd\r&\xeb\xb8\x14\xbd\xb7\x9e\x07h+\xc4I\xf6t\xe4\xc9\x03\x81\\\xb8\xe6\xee\xc3\xbd?E\xe0\xf0\xc9\xe2\xa0\x9f)\xbe(\xf7\xc8\x9d\xf1\x85z\xe3r\x8e]\xddAhG\x06\xef\xe5WQ\xa8\x99h\xf4\x19W\xfcma\x00\xbd\xc9\x16\x9a8[\xc5\x83%5\xf6#\xad\x04\xb6\x80\x1c\x04\xe6\x12p[\n\xfdj\xf2\'\xe9}\xce\xce\xca\x83\xa3HN\xa7\x82?\xc9\x91\xb88\x90\x00\xbd\xd9^\xd5\x9cR\xa4P\xc2\x80G\xba\xbe\x9e\x03\xc3\xc5Nw\xae\x8a\x85S\x078\x83\x98\xf4\xd5\x90\xf0\xbbL*\xafr\xc9_T\x8eZ\x9c9\xa8\x97\xad\xc5\x14\xcd\x98\xb4J\xc9k=~\x11\x9bT\xfc'",b'_\xf0f\xf9\x12\x7fo\x87<\xc8\xae6\x89\x83\xcf?\x0f\xfe\xc15\xae\xe5cH\x98\xaaz\xc7\x16\xa3w[=B\x96\xc9Q/V\x91[\xe7{\r\x07\xcab-\x12/\x95\xaf\xf3\n<\xbf\xa6\x81\t\x17o^J\xbe\x88\xe7\xb2\x80\xb1\x89Y\xd0v\x9f\xdav\x8e\xdfr$\xfa\x0e\xc3\x1dHK\xb4\x98\x1ed\xfaW\xd8z\x9cZ\xe3Dm\xe9i\xf2\xd2\xaa\x84\xfd\xad/+\x07v8K\xf1\x9a\x97\x8c\x04X`\x07\xb8\x9e\x15\xc9Y\x90\xbe\rJn\xc2\xe0\xd4\xa4\xe0>\xfc\x17\xb8d5\xc1\xbf\xe5a1\x00\x1eLt\xef\xd6_\xbf\xd1\x84\xa9\xe4E2\x80o?9\xca1\x1b\x03&\xb4\xff\xbd\t\xab\x9c\x06\x92(\x8f>WP*\xcc\xd7\xce\xee@D\xf5j#\xeb\x0c\xfeN\x81\x02\xe0\xda-\xa1\xa35\x9bS\x8d_V|\xe8 \xdd60\xfb6Yyn\xbdS\xb9#`\xb1\xb1\xd9C\xeb\xe6o\n\n\\B\x92H\x1e\xafC\x196\x88\xf2\x82\xf7^\xde\xa8JI\x96\xc9\xb3',"b'\x99Y\xa8\xf6\x15\x99\x19\x06\x9b\x82\x07\x96W\xf4\xbc\x95\xfd\x8b\xc0\x8c\xfcn\xa6T\xb3s\xab{\x82\x83\xbc\x03\x87\xf7\x0e\x05P,\x06\xc3ix\xdc\xee\xb2\xc0C\x06(\x9ef\xfb\x90\xcfH\xcb\r;\x85\x07D\x91$C\xeb\x05\x87A\x7f\xdbw\xd2=\x93\xba\xf3\xc3\x1eU\x10\xee0\xcc\xd4\xbdc\xe5\x81\x99\xc1W\x02\xd5\x19\xb5\xe8\xab\x8fF\xebT\xf6\x1a\xef\xd5\x89\xb1\x9f\xbaV\xf87\xc0|\xa1\x93.5;<]x\xaa&>Y\x1fl?p\xb4\xa2\x15\xbf\xfa\x98\xe3\xe0\xd6\xf4\xdbT\x19G\xe3\xa1N\xee\\\x1a\xd9\xbd\x9c\xa7\x8d6\xeb\xd9\xb6\x820m\x13VwhK2\xc43\xf4vD\xd7Au\x07\x15y\xcd-u4\x96\xe9\xc9\xc8e_\x12\x95\xeb\xbd\xf4Q_\xc2s\x13\xd4.(\xc3\x97\xd7\xf36Q\xa1\x1dBb\x98\xa5\x99\x00K\x12\x1b\xf6\xc4\xcb\x1e\xa6\xe8\xf8i]P\r\xa4\xb9\x7f[\x9cD_}\xdbP\xc5\xa1\x16z\\p%\x8dU\xeewP\xb5\xa7)\xfc'","b'!}H\x83\x89\x865\xc2t\xa72?\xbc\xe2\x95\x8d\xa9%7\xfc\x81~&iDr\x8ce\xf6N\xef\x10\xd1\xb1\x17\xaa\xc1\xc1\xde\xffP=%\xf8\xb4\x88\xb3\x153\xda\x953)\x87gXS\xc6\xcdJ\x05\xe4\xe5\xd8\xc0\x01f\xcc\x172m\x89\x19{\xaf\xe4\xab/Y\x162\xcdGn\x89\xb8Gm\x18)\xc5\x8e\xf2\xaeZ\xdf\xdb\x8cDP\xe3N\xf4\xa7%\x12 \xfa\xb1\x9c\x0b\xa1*\xa5\xa1aH\x8b\xa4\x16n\xd5\x10!h[\xf6]\xa3\x93\x13\x86\xb8]\xc7\xe7$o\x88\x11\xf0\xd3\x0b(\xbblr\x12\xb4\x7f\xdau\xb6\xd9x\x84\xc9\xc4Kc\xf6[\x1b\xd1\xa0|\xa2\x90z\xb0\x03\x86,E\x84\x10`\xaf|\xefW\xfa\xd1\xc7\xd08\x8a&k1\xce+tr\x1ak\xe2\xd8]M\x1bh\xd6\xe0c\xbd\x1dm\x1cn\x1d\x14U\xe2\xf5+Y\xfb\xdaV\xeb\xbbM\xeen\x03\x8a\\8\xb1\x85\xce\xbb\xe6\xf5N\x18\xa5~[\xbb\xf2\xdc\xd6\xef\xe49\x1bq+\xcc\x1bY\x7f=!'","b'v\xd2\xd8\x0b\x0ci\xb6w\xac\xb9\xcc\x1d\x80 Wh\xfe\xce\\\xba\x85\x9fB\xe3\xc7\xb2;\x963\x98\x1f\\\xf7\xfb\xceo\x1d\x8b\x91H\x17\r\xa91^m\x90\x90%\xaf\x866a0wo\xb5\xcd\xa3\xeb\xb0\xef \x03\x9f\xe3\xad\xb2!\x04DJ\x08\xa2c\xa9w\\\xd8\xae\x89\x94\xb2J\x88\xc2p\xa0p\xd7!\x91?\xf0I\xcb\xeb\xdeH\xf7\x0buV\xc3\xd1A\xe9rx\xb5\xbe+My\xdbL\xf8\x02d\x8bz\xae^\xb7neN]|vRd\x94?\x12\x13\x889\xc8Jb\x90[7\x95\x8e\x17?-\x0c\x91\x07\xb6\xf4\x91\xa4\xeb\x19\xa56\x15b\xaa\xcf\xf3/\x81\xb3\xf8(\x15\xddP\xf6\xa5\xba\xac\xc4S\xc5\x92\x0b\xb2\x0e\x19\xef\x14+\xa7z\n\x91\x92\x85\\z\x89p|W^B\xdd\xe2\xff\xfb>?\xc5\xdd\x16*\xc2\xa9^|#0\x8d$\xeeOE5#\xceq\x0c\xad\xe7R,"".!C?\x8dG\xaasS\x99\xecb\xe5Ma*\xd8\x0e\xcc0@\xe8\xac'","b'\x8dQi=4$\x1cj\xc2kXi%c\xbb\x9ej\xed\t\xf3\xe3\xcc\xfc\xef\xaa\xd4UT\xa0I\x96-\xac\xda\xc0\x9b&\xfe\x82\xbf\x88Gc;K!\xb6g\xd6\x81\xa9\xe7\xa1\x05\xbc\x10\x9dTc\x82\xc5\xe6\xbev\xf8\xd6\xa1f1\x98P\x87\x90\xa5g\xbc\x9e\x04\x15\xcf\xfa\xfc\x19\xa1\xaeiu/\xccm\xfak\xcf\xa7\r\xbd\x1aa\xa8Unt\xe1\xcb\xe0B+5f\x05\x0ex#U\x99(o$i\xe6A\xc7\xcc\xc5W\xc3M\xa5u\xab\xe3\xf86\xfaA\x80\xe1\xe2\x8c6X\x18\xef\xd9\xc2\xa4T\xd7\xef0\xc0\xd0@\xca\xaaD7\xaeU\x80h$o<\xf9`\x13\xdc\xe0\xe2\x89\x19\xc2z.""Kz)O\xaeu\xa3\x1a\x03\x93\x8c\xe9\x17\xab\xfa\x15?\x83\x05\xf7\xfd\xf2q\xaen\xc7O\xfb7IB\xde\xedr\x1f\xe2\x8aS\xad\xa5\xba\x06\xd0\xa7\xff\xd4V\xa5\x80\xb7\xea\xf7d\x16\x9ai\xd1+\xd4l=\xce\xec\x86\xbe\xc1\xa6IR4^TRc\xf3j\xe4G\xf9\xeb'"
"b'O\x81\xf1\xe8\xed\xf0^T\xf6ch\xbf\x9f\xcc\xf7\x81\x0c)L#[\x92\xa9l\xf1\x8aGp\xef\x9a`\xea\x16\x1f\xd8\xd7\x05\xf1-\x9bh\x14S5l\x80\xe5\xb5\x98_U4\xc1\xb7(\x8aRI\xd2\x13\x83\xea\xc7\xa8\xec\xc7\xa8fr\xd6H\x8f\x8f\x06\xa31Hd\xecO?\xe0\xa4\xee\xad\xa9\xad\x16F\xe3cz\x90\x0b\xbfX\xab\x10\xdc\x9eyp\xd5s\x8be\xd2\x91\xb8\x13h\xdd\x81\xfeL\x03\xfaY\xf2\'\x01KV2\xdb\xf3R\x0c\xbe\x14k\xed\xbc\xcf\xc9\x97t\xac\x1bGcg%#\xeb\xb8\xf8:\x84\xf7\xabuNL\t\xc7e%k\xf1Q\xb1\xe3\x7f0QG9.\xd1\x8dV\x81\xe2\xd5W\xfff\x07\x18""\x10\xcc\t\xe0N\xf3\x1b\xf3\n\x82\xc3IUV\x8a\x1bDr\xcc\xd1\xc9?i^ pQB<q}\xf58\x14\xdd\x18\xea\x14\xc5MC.\xf4sP\xf8\xb4#\xe7PY\xf4\xbe\xf9\xfd\xce@\x9f\x0e\x00\xfcy\x0c\xf1\xfb\xb8hDy5\xff\x86\x85\xd4d'","b""\x15\xe7\xd5pP\xf4Z\xcbir\xe9\xed%\xf6\x7f\xd4\xcb0\xe0u\xd4\xcb;V\x88qE\xc09\xeb\xfe\xc7\xe3\xddo0\xfa\xb6\xeb\xf9\xa8[\xce1\xea]G\xc3\x83:\xb3^\x00\x8a\x00z\xe5\xbc\xe4^\xde\x82\x8b\xa6:\x1b\xad\xfc\xf5\xb8\x83\xb8\x81\xbaa\xc4\xdc\xdd\x0cS<5\x01\xb0k<\x16)\xdd\x17\x0b\xc6\xe0\x82i\x97&\xa5cV\xd0\xfc\x14\xbf\xf1\x02\x83TK\xe8\xbc\n(\x87\xf6\xe7\x97\x14\xba\xb0P\xee\x96\xb3\xf8\x10z\xd9\xff\x8b~'\xe9\xb7\xfc?\x87\xf4yK\x8f_\xbfU\xc1,(\xd4;f\xfc\xd3,d\x92\xf7\xf0\xb0\x93\xa2\xce\xa8\x90\xf6q\x8f\x82\xb1D\xdb\x9d~/\x10@$\xdf^{,\xa7\x86\xcf\xe5`X\x05Z\x04\x17\xc52\xbe\xd3%\xe7!\xd1\xc3\x80\x1b\x99[V \x1f\x12(\xb2\xc2\xc1W\xee\xa1\x05\x1fk\xce\x9c\xa3'ULf\xe1'6P\xe5\x074\xbd\x01\x94\x8b\x8f\x00X\xf0\x9a\xabxx9\x81@\xa1I\x9c\xe1Bi\xd7\xd5=\xa7""","b'so\x80_\xb7\xaaTx\xb2d\xcb\x9cQq\x07\xc8\x0b\xe5z\x9eC""X\x85@/6\x90\xad\tS""\x7f\x08KwC\x97\xda\x06\xe8gJ\xdfu/\xb4\xde\x0fU.\x83u\xb90\xc9\xa8[\xa3WS\x9e,Mx\xeb\xf8\xbe\xee1h\xac\xcb\x1d\x1a:\xde\x05b|]\xcapQ\xda\xb7A/\x08\xe9\xe8@}\xe0\xddN6\xa8\x91]\xd3\x99\xe9\xb4\r\xcfw\xa0\x8c\x82Z\x95\xb5\xd3S^\x85\xc5\xe5\xe8C\xc9\xdf,\x7f\xb6\xb8\ngz<\x8a7\x0f~\xba\x0cR\xa4:$\x07\x9bk\xb5 \x81\xc9oS\x10\x9fy\xe13\xcdKZ\x1fm\x06o\x05f,\x00d\xff\xc7\xa6\xb2\xf6\xcaer\xe6^wq<d;Nn\xb5\xa3\x06\x89\xb9\x9a\xb6\x12\x8fhU?\xdb\xc4\x9fEY<\xeai\x9196\xd4k\xb5_pw\xd5t\xde\x0b\xafK\x93\xbc\x93\xa8\xcd\t\xbe\xeev&B%;\x96*\xd6\x9b9\xe8\xc8\xd3\x98\x1d\xb2F(\x12f\xe5\x15\x8e\xb9\xbf\xc2{\x1f\x87'","b'$\x82}\xb0A\x0c\x13\x06\x1a\x8c}\x8e\xbe\xa1\xf6\xbc.\xdd\ru\xb2\xe1\xaa\x0fQ`w&\xef \xfc\xa6\xffXH\x0e\x94\xc4\x94\x9b)u\x8dg\xe1\xceE\xb6\xaac\xcd\x9e\xd7\x0bd\x97\xef\xde\x8a\xb85_W\xf7\xf6.\xfa\xef\x10X}pc\x07\xcd""\x04[zW\x8f\xb1\x88\x97\x19\x90\x16\xbd\xa9\xa8\xc8\xd5\xcd\xc4s\xc6UT\xfa\xf97\xf1\xeb\xf4\x0c\xc6\xc7\x05\xc8\x97\xf5\x0c\xe7\x94\xac~P\xed*0O~\xaaU\x94?v\xca\x95\xff\xc0_+\xb1|\x81\xfe\x15\xaf\xd0\x8a\xe0(\xd6\x8d\xac\xfb(\n\xa9\xe9\xf3\xcdtF\x1cV7\xeak\x04""\xae\x90\x814?\x8c\xeed\x16\xa0ld\'\xdc\xd4@\xf6j\xb3\x1a\x17U\x9aM\xcf\x93\xfdo\x8a\xe07v\x06\x0b\x90h\t\xac\xdc\xb1\xd1\x148\xc9\xa1g\x81\x86\x81\x12\xb4\xba\n\xa9\xfaIW\x0eo\xb5(?\x07$\xfd\xb0JR\x85v\x11\xb2\x89\x9d\xc9\xf1\x92\xe7\xe7\xd7\xbc8\xa4\xe49\x0el\xf1\xfd\xb1\x80gD\xe9'","b'0\x1f\xd17Ad\xf4\xbe\xb5\xddaF-\xd6q\x0b!4\xd0\xf3\x8b\xef\xaby3X\xe8\xf8\xce\xb5\xb5\xd0+P\x7f\xfc\x0f\xdf\x9a\xe2H\xe6\xa3\xc8N\xd4\x18\xc3\x13\r)1\xd7\xbf\xeck\xe4\xac/\x99\xd2\xa3\xb9\x9c\x86`s\xd0\xe2;\\\xf2\x01P\xcf\xea\n\xbaM~=\x16\xe3\x1d\x019\xb4\xc2\x9a\x9e\xb5\xe5;k\xa4\xb6\xb8\x15\\\xb9\xec\x02$\xec\x93\x9a\x9dO\xe6\xc4N\xc5 \x8d\xbd\xf1\r\x9aL\x99\xb6\xd7j\x97\x17\x12\xd8\xa0\x8e\xb1N+U;\xaftIc\x86""\r\xaa\xbe\x9c\r\xedSgz\xd3I\xa0Z\'\x98\x97\xea\x94\xa8U\x06\xff\x86\x16N\x16\xdd""\xc3\xcc{\xaa\n/\x94\t\x0b\xfe#\xee\xdf\xac#\xd9\xeeW\x1a\xef8\xc5@1\xd5\xca\xc5\xcbDC\xa1i\xa0\xd0T\x9c\x0c\x18>R4\xc1mp\x8e\xbb\xeb.Q\xf3Mg\xb1z+\x8b@\x8aQ\xed\xd5\xac\n\xb7\xb4\x0eij\xb4\\E\xd3 \xc6\x8a\xc4*\xc0\xa2\xda\xef\xbc\\\x01\x06\xce,\x0f'","b""\x85\xb5\xbb\xc5M\x8c\xdb\x1a\xb0+#WI\x1c\xe9\x83\xb4\xae2#\x92\xb0AtT]\x98\x1b\x83\xd8\xbd\x07.\x10L\xca\xf1F2e\x00\x03|~\xe6\xe5MY;7\x1fl\xc7\x1b\xfa\xb9\x84S\xfa\x90\xd5\x82\xe2\xac\x00\xfa\xc03K\x94\xbd\xdf\xccA#\xd09\xaa\x10\x90\xbd\x0f\xfe\xff:94\x9d\x92g\xf6\xa0{\x1b<\xc8\x87\x9b8\xb4\x9e\xaf+h\xad\x80|\xd5_O\xa0\xe8$\xad\xf1\xb5\t\xea\x15\xf1[\xe2\xb3f\x7f^\x81\xb5\xd5r\xc0\xf9\x17\x1b*'\xa9\x87\xc8\x11J3\xd5\x97EEv}\xb9S\xe7Z\x80\x1c\x84\x855c\xb5\x83\x15\xe9\xf1\xce\xc1\xf4\xf0\xd6X\x00X\xda0\x03&(\x1b\x0eT\x83\xffB`\xde\x17p\xec\xd7W\x07#\xd9}\xfc_9\xe0\xcbS2\xda\xa4<\x1d\xbcJ\x94\xac\xfa(\x9a\x16\xfe0\xc2\x8c<\xe9\xe6t\x13p\xee\x0b\x16\x9c\xb5e\xa3n\xf0\xd1\x8b\x85cw\x11HB\xe7\x88\xc0\xa5\xc6\xe1\x1b\x95>\x16\xfa\xdb\x0f\x02\x8f\xd0\xa1"""
"b'\xa3\xe84\xb0C\xbd\t\x9dJ\xd7(aC\xf0\xbf\x14\xf0l\x14g\xb8\xb8:\xb0\xf1\x9a\xdc{X\xfb\xb8\x80(\r\xac\x84\x10\xdc!\xa2\xad\xcc\xee\x8b\x1a\xc9\x1d\xf1\x9c\x1bm\x9d\xce\xacz\xaa\xcf\x14\xc0\x80\x9b\x15\xe4 \x0e&t\xfb\xb0\x92\xa5\x80\x05\x04\xa0BI\xdcn\xca\xfc\xea\xee\x90\x08\x82\xb9\x05\xe1\xe4&\xbe\xd2T\xa5\xf0\xaar\xf9T\r\xfdv\x0f\\fg\x87\x1a\xef\x9cFg\x07\x11T\'\x85\xa4\x897k`\x1fr\x15L\xe1\x88P\x148\xe8h\x91\x87\xbc\xea\xe3\'\x17\xc4\xd0\xac\xe6N[\xb2\xadq\x10\xe5%i\x93t\xaf""\xa6\x8ag\xf0TG\x0c\xc0\x9f\x1b\xf2\xc1\xfaO\xd4\xc5\xd32\xe2\x1e\xa8](\x87U\xb1w\x9d{}\xf8\x8f\xa9<\xc4\xe1\xbcw\x07\xde2Fh`\x1b\xc2s\xa8\x01\xe3\x9ek(\xe2\x18\xa4\xcb\xbfo\xb1\x12<\x9f2\xb7\xc7\x14\xc6?\xf5X]261_\x00\xeae]\'\x1fc:n\x0c\xbf\xc2\t\n\xe65U\t\xb2\xa9\'y'","b'\xab=\xb6W\xb6\xe8w]\xea\xd9n\xdf\'\xdb;\xbf\xefB\xa9!\x80\xa7\xf8\xd3\x08cn\xb5\xcba\x05\xcc\xb0\x89\xf5<*""\xd7\xad\xdex\xdcFJz\x8e\xc6p\x0f\xc5\xcf\x93#\xd3\x0b\x82\x99\xd4\x8b~\xa5N!\x1c\xcb/ D}\xf3\x98F\x07l3\xfc\xfab\xc4\xdb\x8bj\x93\xed\xf4G7zX@\x04\xfa>\x07<j\xf8L\x8c\x0e\x9d\x7f\xb7J+\x12\xb9o\xb7~O\xdf*\xc9\x08\xcc\x06{zI\x12\x08\xc3\xda\x19u\xe3\x1btco\xe7m=\xf2\x1cS\x13\x1b}l\x8bm#;R\xac\xe4\x7f\xcc\xc4\x02\x06\xb2\xf7\xa7jj\xc6\xeb\xba`z\x04\x1a\xf28\xdb\xac3^\xd5\x8e\x86>j!\x07\xd1n\x97\xac\xe6&\'.Q\x82Z\xaa1\xad\xf4\xb6\xad\x8c\x0c\xc5r\x9a\xd5\x83\xb7\x08\x00\x1c\xb7\xe8\xb43V\x91\xe1\x9d;\xf0\xe5\xec0\xa7\xe4\x1a$q\xf0\x06^3\x1b\xae\xd2\xf1\xf0j\x0e>\xb8{+3\x18[\x10\xfdL\xdb\xce\xf2\x8208<c\xc6\xb9'","b'\x93\x13!\x07\xc2\xd3\xc3\xb8[^\xa3\xb7\xe3\x80\xaf\xa7\xffJ\xecW\xc0\x84\xae \xe1a""!\xa3\xddz\xb8W\xe8\x8c8\xdc\x99\xe9\xe6Z\x98\xc1\xb8\xa2\x08lF\xad\x11\xeb""\x10\x173\xfb\xb5\x88n\x15\xd1@\x02\xb1<\x99i\x1d\xefs_\xb1\r\\\xc5T\x1b\x82\x92\xce\xa0YOu\xf9GX\x16\xb2!\x18-\x0b\xdctW\xee*\x11\x19\xc1\x80\x1b4X\xb3\x1a\r\xcf\xe2}/L\xe8\xe1\xbb\x01\xec_\xd3\xfb\x80\x98|H\x9bg\xabr\xf9\xd5]\xdfj=\xack\x0c\xcb\xa0+h{\xf4\x07W\xf1\x05G\x1e\x97\xf1\x7f5j\xda\xbc\xc2\xa0\xa7wjC&H}\xe5\xa9\x83\x89\xeck\x99\x9c\x01CG.g\xb7\xd1\x03\xf2\xc4\xe1\xa9v FZ/-\x12\xf4R\x02K\x10\xf3\x87\xd9\xcd\xf2\xcc\xa2\xe8}\x04\xbc\x9f\xce!\x7f\x88/\xa5\x16\xe2D\xacK\xe9\x91J\xa4\xc5\x96\x07\xdd<:\xffJ\xe4\xe2\xe8FG\xdc\x1c2\x84f\x12\xb8\xb8\xfa%\x04$Y\x1d\xd6\xde\xb5\x95'","b'd\x9c\xc31\xf9\x94\x1f\xda\xc9\xa3\xb8\xd09d2?3\x9c^\x17\x89\xbe+\x96\xfd\x13\xf5\x8c\x83\x8dx7E\xbc\x91xB""\x0f\xe1uu\xf7\xc6\xd8w\xaf\xaa\xa6\xeb`gk\x83\x04\x0e\xdb\xd7\xc4\xefI\x0b\xf2gE\xa6\xdc$;{\xe0\xcak\x1a\x9d?%\xad\x92]/\xa1\xe0\xfd\xc2^\x9c}%\x12F\x0b4\x92CzBsy\x8anq[\xd1\xcae\xc8\x17=3$\xc8\x0c\xcd\xf8\x86\xd9O:|n\x978M\xff\x06\x05\xfb\xf7\xea)\xc3|F\x15\xde\xa3\xc0\x04>K""\xb0\xec\xa8k\xc6\x1d\x9b4\x05\xf6\x00kV\xe1\xb7\x83GOC\x01\xb8\x8a\x04\xe1^\xd8\xab\xfc\xb3\xf3\xc2\x1d\xa5\x8fj\xa6Z\xaa?\xd0b\x00\xb3}\xf7\xa87\xe5\x9f\xd3\xef\xaf\xbc\'\xd2\xa0\xa3\x86\x16\xec\xfcd\xccq^\'K)\x9b\xb1\xfeD\xd9%?g\xc3\xd3@\xa5\x9akb\xb8t.\xb5l\xb3\x1a\xb4P\x0ci\xb6\x97\xb3\xae\x92\x93\x15!\x7f\xeaC\\\xf2Z\xac\x94\x85\x00o\xfc'","b'\x87\xd4\x87L\x1fI\x9dL\xacb\xed\x87&\xee\x11\xcfML\xee\xd0\xbf\x90G\xc7\x84\xaar\xc6\x06\xf401\xcdk\xdbC\xaaD@\xe1B\x02=\xcf\xfd\xb5\xb0QF\xa1\r;)\xf4\xb6\x1d\xc9\xb0\xaa\xe7:d\x0b\xd2\xab\xb1O\x16\x12\x05b\x95\xb4\x1a\xf1Qm\x82\x8a\xfe""]\xf5\x1a\xe5\x1f6#\xcfI\xc3\xb3\x0f][</""9\x14\xe7\x19\x08\xd0\x87e\xa0\x90ef\xe7\x1c\x81\x9d\x17\x94T\xb4\x87\x0c\x0f\xe0\xb0\x96\x8b/\xec\xabz\xb6\xe4\xecf\xc7`p\xae\x7fF\n\xb362\x1e.z\x9a.\x98s\xd26\x12U\xe6ky}\x13\x12\xf2\x16\x97U\x94\xbfT\xa9\x18\x06\x14\t\xdc\xea\x90\xac\xdfN=\xf6\xbe\x8a-\xf2\x9d\x04\x04\xab,\xd5fr\xb5\xce^D--y\x7f\xa9^\x19Zt\xaa\xd9\x98Z\x98\x8e\x99\x9d\xf9B\xca\xab\xe8WLi\xa9\xbb\xf6:\x80\xf8W\x16m\x03\xf4\xb2&vs\xceR\xb5+\xf2x\x17P\xa0f\xfb\xc2pV\xc4s\xe0\xd9\x9c\x93'","b""\x83\x18v\x8e\xac_\xb2]e\xc6l\xcb\x18\xcf\xc69:\x86\t\r}\xe3:\xba\x9c!(4D\xf0\xe6\xef-'\xb0\xf6\xd0I?\x04#\xf1\x19\xc2J\xb4>\xd1\xf0\x9d&\xf3\xbb\xfd\x86\xa5!\xc0\xc7ay|\xb2\xe4\xe1\x1cDt\xff\x1bZS\xc5(B\x87\t3\x88\xed\x19\xd5\x93\xfd\xdalO|\x83\x07\xdb\xa71\xf4\xa3\x17{\xd2eW\xee\xf0Qt\x01\xe9w\\\x08\x0e\xf6\xf5(T\xc6TC\xb9j\x93\xaa\x0c\x8f\xbd0j>%\xba\x9f\xb8`Y0z\xc9\x8a\xc6\xe7=\x1c\xa2;{&\xcf\x86\xcc\xd4,\x1f\x914\xb9k|\xe9\xf5y\xf9\xc5\xf1k\xd7\xbcsek7\x93\xb8\xd8\xd99\x17\x8bu\xaa\x8bq\xe2\x06\x96\x10\xba\x82\xce|\x1a\x8b(\x92*\xf1XW\xa4\x0c\xcd\x81|^-{\xb5\xf5Z\xd9\x91\t\xdc\xfd\xd6\xed\xb8G\x884i-\xef\x96\xfc9\x8ca\x8e&\x02\xba=H\xac\xc7E\x16\xbcL\x82\xe0\xda\x06R;\x1e\xf9-\xa2\x0b\xd6\xd3\xf59X6a"""
b'N\x85\xe4\xf7\xe4\x0f\x89d\xc1-\xb7\xfa\xfe\t.\xf8\\\xc6P\xdf\xe0\xcb\x85\xfeMQ!\x1f`\x9a\xb2h\x1aL\xc0\xb5\xe7Df\xa3\xc3m\x1cW-\xfb#TZ\x929\x9e\xa0\xd6c\xd1\x7f\x80\x14\xedJ\x8em\xd3\x0cC\x1e\x18e\xab\x95\xb4W\xf1\x07\xeb\xcdQ\r\x8dW~\xfch\x83\xb3\x98\xdd\xe2\x9f\x1e\rD!\xb9\x0c\xf37\x962\xcf\xb8\x9e/\x9d\xa5\xc2\x03\x85I\xe1\xf2\xc6dY XM_\x03\x1dW\x01\n\x05\xdcI\x8e\xa54\x9a`\x8f\xb7\xd9\xda\xc6\x06\xc0\x9aq\xbc`\xa5H6}\x02\x1bCA\xed4\xf1\xf45\xefr\x1b\r\xdd!\x91\xbb\xe6<\xca\x87\x0f\x9c\xac\x93D\n\x10~\xb6J\xfd\xd5\xb5GP\xf8\x1b\tW\xca\x11\xd5:\x05Q\xb3\x1c\t\xda\x82\xf7\xd7\x12\x93\xbb\xc7&\x97\xef!\xac\x87x\x8d\x1d/\xdd\x06U\xfeS\xc8P\xbe\xa4Z9\x9b\xe9\xb5\x88\xdf\x08\x96\xac\xf3\xfc\xcfk\xae\xccI/\xf8c\xbf\xc6n6\x85\x82\x06\xe8\x9c\xba\xb0\xba3',b'\x81^]\xef~\x17\xc7\xff4\xbc\x96\xb9b\x7f\x07@\x93\x05pK\x8a\xa5\x98\xcc\xa77M\x81\xf2tB\xd4\xc8\x83O\x1b\xe8&\xe0\xdd\xddB\x1d\t \xcc\x96JMC\xfe\xaa\xe5u\x88\xa3\xfc\xf9z\xf5\xb5\x0e5g\x83\xb2/\xee\x8bP\xa8k\x17\x92)\x89\xf8\xd3\xf5|\xb0)\xbcZ\xa3\xe5\xfc\xeb\xfdX_ri\xd62\x17\xbf\xfb\x88]\xb6\x8c?m-\x02_\xda\x94f\xfb\xb5\xe4(\xdc\x85\xf9\xcd\x1e\xc0\x82va\x02u\xe6\xffa\xb3\xe7\xaa\t\xea\xe6\xf27\xfeS\xbap\x1a\xe0\xf3\xff\xe6+\x1beo7j=\xc2\xc8&\xa5!\x02C1\x16R\xaeL^\xa8\x8c\x9f0\xdf\xb8\x01\xb15 \xdf\xa9I\xb0r\xa0\xf7\xc43\xc2\x18\x0bov|h\xcd\x88T\x17\xaf9O^\x1f\x1e\x81t\x87\x02\xcb\xb0j>\xff/\x8b\xff\x02h}4\xcd<\xb5{M\xec\xe6\xe0)\x98\x82S\x85[\xb42Px\xd0]/C\x8bg\xc4\xe4\xebV|5z\xd2\x9em=\xd14\xa0\x90',"b""\x88b\xae6e\xe9\xf0$\x8f\xa4\xd6\x0b|\x9f\xb7\x8ff\x0c3 %\x91j\xf3\xfe\xa9j%!\xfb\x9c\xa87\x99j\xe7f\xd88(>\x91\xc3\x82\xb06\xb3\xaa\x90\xf5\xdc\xa0?t6\xab'Z\xb9\xad\x19i\xca\xec\x87C\xb4z\xe0\xdf\xa94\xfa\t{\xac\xe8\xeb\xce\xa1\xfc\x12\xff\xce'5)\x8c\x0e8\x1c\x00\xf8\x97\xa1\x9a\xcds\xb3!\x07pm\xc8\x8cq\x95\xe3\x91\x9e\x01\x83\xfcS\x97\xda\x82\xc4R\x93\x81\x85/\xb9\xc5M.:\xbf\x8e^\xff\x88y\x97\xd1\xd4s\xaa\x81PG\xc5\xb4\xb0\x9d\x9ch\xa4\x98TQ&\xc0\xeb\x02Ai\xccR\x92.\x07\xae\x1d@\xefKK\x98 \\\xd86\xde\xb4\xd7(\xb6\xfa|q\x10\x108V-|\x90?c\x90b\xac\x0b\xa2\xf0\x9e\xb8C\x9b!\x11(\xc2\xe2\xdb\x1d\x98;\xbf\xaf(\x8a\xb6d>\x8a\xd7\x03^L\x1fbn\xf0\x04z\x0c\xf6\xb6\x0b\x94\x8c\x0b\xdfCC\x962\xcej\xc1\x8f\xd0\xdbQ\xc2\x0bQ\x148\x0e8'\x06""","b'R\xd3OU\x82n5\x04_\xa0~A\xafBLE\x16\xa6\x1e\x91,\x18\x06\xc9\xfc\xbcw\xf3\x87\xd5\x14^\x80\x15a\x0c`^\xbcPl\xae\xe0n9V\x01\x93\xd9|v\xe3\xcf\xf1\xff&V\xe0\xd8\xb0\xed\x9dY\x06\xa6\x9b\x12\x818!\xe4\xafI5\xd7c\x08h\xd4\xd3\xd6\x86\xe3\xc8\xb6\xb6\x9b\xe0X3\xed\xee\xcc@\xd8\xb8\x16\xdc\xc2h\xecqW\xba\xab\xeb\xcd\xa0i\xc4\xe1 J\x94\x8clH#\x95\xfd\xc7\x85\xcf6tW<\x82\xfc\x9d50V{L\xb3\x7f\x8f\x0f\x02\xfd\xec;d\xba\xb6\xf9\x12X\xbc\xae\xa6\xf6yv\xdbU9\x9a\x9fkM\x9c\x19\xcc\xf1\x04~\xd8\xdc\xf5\x98\xcf.|\xdf/\xafl\x1a\xf8\xca\xa4\x18e\xf0#\x1d\x87\xf31\xa3\x90#\x13{\xed}H\xc1\x7f\xd4Z\x08\xf4\xeb&F\x83\x1e\xccT\x17\n.h\x97\x86\xad\x03\xd6\xf3/\x1e\xc99s\x07g\x1bfu\x0e\xd7\xd1\xe5\x8c\xe0\x97\xa9]#\x1ay@\xfd\x1c\x8e\xb2\x91&\xa3\xfc\x8f\xc4\x9c'","b'g\x0b\xa3\x8c\x9b^\xdd\x9c\x9f6h\xdb\x0eb|\xd7\xc9\x14.\xb1]`\xe7\xfa~W\x896b\x0b\x05Z\xa1;\\\xed\xab\xb4Vov[\xae:\r\x7fD\x8d\x05kSLC\xe2\x0f\x070y\x8d\x92\xc0\x825\x1dD+Lss\xe0G\x07\xd9C\xce4kq\x91\xaep\xd5\x10\tT\x8d1\xd8\xd6\xaf\xcf\x80\xc7\xe5):6L\xe7\x94\xe9\x15\xab\xbd\x15|F\x07\x8bT\x97\xac!Pzr\x92Y\x18\xb6q8\xfb\xc1\x0b\x19\xefo\x91%\xcc\xb7z\x0e+\xecP\r\xca\xc0\xec\x1c\xd0\xf0\xb0\x1d\xf4\x85\xec\xc7\xf0<\xea%8z\x0e\xe0\xdak\xaa\xc0tw\x9c\xfa\xad\x00\x8ac%\xafR\x82\x8eo\x12\'\xbcFE\x12\xf6\xd5\xa43\x1aQK\xad\xf7\xbb\x9d]\xbc^\xd3u\xbfl\xf3\xf8@\x15\xdem1-]\xb9\x0fum\xcb""\x99#""\xd5Xy]y\x19\xcc\x1d\xd9\xe2\xbb\xf9\xea\n\x8a1\xf9\xac[A\x9a[ 1\xc2\x10\x97>o\x84a\xe2\x0f&\x16\xc0\xde\xa4'","b""{\x12\xc6\xc2c\xafE\xe9)\xcc7*\xfer\x83pp\xe9?\t\xb8\xb1\x1ct\xb0\xd3\xb5\xb9!Wv\xfd\xd7\x9c\xb5?\x18[!\xe4\xf4\xc7\x17Bh\x83\x93\xf2\xaeN\xc1\x93\xb6\xba!G\xa3\x97S\xebn=\x808\xf7~\xdds\xfb!\x91;Yd\xd3m\x08\x8fe,W\xce\xf8\xfd\xe3\xba\xbf\xa4\xdaP\x13\x19\xebSsk\x11\xf5\x171a\xb0\x9e\xf0\xc4\xf2\x80\x9c\x90\xc7w\xedV)\xfe\x8c\xdbS\x91c\xd3\xfb\xff\xb3\xc3I\xabq2\xe2\x9fv\xbdSvK\xdf\xca/$\nY\xda]k\x15\x19B\x9f@~\xa8\xe5\xe4JB\xc2\xac\xfa\xbc\x11\x9cU\x1a?\x8f\xf34F\x9d\x03\xd9'\xcb1b\xe8B1\xde\xdbdb\x0b\xe8]\x18\x99\xbd\x1dYm\x87IU\x8a;\xae\x9e+]!\xc5\x8d\xb3\xf2\xddr\xfb9\xe1\x1b\xb7\x06\xfafn\x1fF\x93\x1c\xd8\xf8\xf99\xe7\xc5\xf7\x80\xf9\xebH\xab\xbc\n\xeaO\n\xf7\x03G\xca7{\xcf\xe4\x14\xf3n\xa0\x19\x1b3\x89:\x12"""
"b'\xa2\xa2\xfd\xd1\xf5\xa1#\x11\x11-\xe4\x13j\x9f\x87\x13\xd8?\xec&?>\x06\x83\xa2\x87\x0e\xd4,>\xa7\x08\xadHk@\xb0\xed4\xb2\xb2\x9c\x85*\xbeJ\x1b\x96wDk\xf2>?\xff?jGv\x85\xc2H\x89\xbe\xe61\xffX`\xe3K\xba\x99g\x1b\x1f@i\x1cSg\x81)\xb2;[O]\xe0\xf1<\x89\x05\xc3\x9b\xcb\xef\xe7\xa6u\xed\x89\xbd\xb5\x8f\xb5\x01\xed.\x9c\xd8\xefS\xbb\xf7D\xdd3\xa0fnK\x80\x0eI\xe9_\x8a\x99\x8d\xe1p\xa6\xabwS\x90\xd7\x02\xfe\x84\x9f;\xe2E~\xe1\xb5\x9a\xc5\x8d\xe6\x0b\xa6\xefJ\x90Z\xfd\\\xd6\xd4\x081\xb9T\x89\xf9\xd5#\xc9\x90\x90H\xe3\x9a\x83K\n\xe3\x99r\xff\\\x97\xb4c-\x10o\xc7\xd6q\x0b(XAr\xc2W\xfb\xe9\x1b\xcc&\xc2<v\xd5\xa9P}\x93.v\xa6(OWf~\x11z\xa8O\xd8\xe7\nED\xbdC\xcf\x04\xa5\xed7\x8f\xee\t\xefs\xe5P\xf4\n\x0f\xb9\xd9/\xff\x99\xc2O\xe7\x06'","b'U\xa4\xaa\x03\x01\x93\xc5x\xe5""!c\xcf\x14eb\x93/\t\xb2\x8f\x98\x1es\xf3\xce""\xc3\x0e\x8c\xb3\x91\xdd\x0f\xb5\x9d\xf4U{\x16\x83\xab\xaa\xaaPE\xc0j\x93\xa8@\xa38\xc6=X\xf2X?~\xc3\x02\xfft\x00i\x1d\xf4\x8a\xd8gW\x9f*\x10\xf1\xa8Nory\x08\x1b\xbe\x90\xdf\x1a\xba\xe1\x9d\xc5\n\xe0\x84\x8a|\xfc\xee\xc5\xba/\xea\xf0\xad\xf7\n\x86 \x14\xec\x9e\x85\x14\x89\xb3h\xc8\x01\xe6\x94\xa3\x85\xdc(\xe2N\x1avB\xbe\xd4D\xcd6\x11\x80\x1c!}B\tI\xd6\x87\x91\x87b{\xb2T\x8b\xd6&\xd6\xb5\xbc:\r\xdd\x86\xe1\xc4\xf2t\x0e\xc7\xc8\x06Y\xf0i\x1aK\x9b\x19_\xf4\xeb\x991\xab\xe5s\xc2\x7f\xd8\x9c\xc2\x82\x88\xdb\xb2\'2\x04C\x81)\xbe\xe5\xa8\xb9\x83\xbb.\xa6\x04\x00\x1f\xb3k\x13U\xa2\x90B\xa9\xe3\xc4\xf4\x84\x0b\xb6\x99!\xa0T\x03\x86c\x8a\xa6b\nv!\x1c\x80\x91\xbf\xc3a8i\xf6\\sz\xe1\xfa\xc6\xa3|\xb1%\x1b'","b'nz\x8bz0*\x17pl\xf0@\x11A\xee\x0e\xa3\xc1\x91\xf2\x95\'\x0c\x01!\x82L\x85\xc1nfS\xe5\x8cq\xd1Xs\xa9\xf6\xf7kd\x14;\xa9%\xaa\x18w\xf2J\xa3\xecm\xfb\t\x9b\x17\\Q\x0c\xc8\xdc\xe3S\x0f\x12N\xcb\xa8|\x0b)\xebh\xa1\xcd\x8aJ7bU\xd9\x16)\xf4^\xc0JP}\x8cQ\tj\x922""\xb3\xb5\xf8t\xbd\xacPl\xdcJ%\x05rE\x86\xc3\xa0\x90q\x9c\x00Z<%\xc4\xe0\x00\n\xddk\x8b\xd6\xb8\x9e6V\t\x8e\xc4\x9b\x11Ph\xc0\xf3\xef\rz!\x80\xdd5E\xe4\x1c\x8c\xd5b\xe7\xb8$\xee\x9dI\xa5*\x11sE\xc1\xad\xde\xf7]\x10\x9b\x97\xa4C\xab\xeeH\xb8\xdb\xbe\n\xd9Bc\x01\xb3\x13E\x8e\xe3B\xc3\x91\x89#\x82_\x804\xd9|\xc2(\xc0\x97M\x15\xdb\xabDa\xdf\xa1\x88^\x81\x02\x9d?\xe2^C3H^\x04/\xa6\xf9-\'\x88>\x95\xeb\x01#+\xa6N\xd1 `\'\xf5\x01\xbd\x11\xcfE\xb0\x1e\x1c'","b'\x1b\xeb\x16(\xf8\xdf[\xfb\x92\x8a\x08\xe8\xe5\xc8\x02\xecN\xf3\nA\xe6\xebm\xc0\xf9\xa9%\x85""\x83k\x86\xb7\xdfp\x1e\x93\xcc a\x04\xa2X\xfbf\x1c\xd7\xe6\xf6\xc7\x18\x9c\xcc9o\x16\xear\x1b\xf8\xfe;\x8da\xf8\xee9)\xf3\x1e\xd3>\xb2\x99""M\x9e\xa1k\xf2\x936\xe8\x12\xa7P\x9cW\xcc\xc2X5\xe0c\x0e\xe9\x91\xa0,\\%A\xda\xd4\xba\xc8\x89\x9f\xa3\xfb\xc5\xcc\xc6\xfd\xa2~!\xc2\x15B\xe1\xf4\xd6{\xfb\xb9V\xe4T!\xee\x13Xv\x00\xd2\x00\x97z)\xf5\xb5\xec\xae=\xa4\xc1\xaa\x81\x83$\x11A\xd9n7\xeaq\x8d\x94\xfd\xd5V,\xe7\x19\x07w[\x1f\x11\x84>\x830\x9e\x95\x1c\xe5\xf0\x97\xb9\xdb\x9d\xcf\x90\x1c\xa0+\x12\x8b\xb6\xbd\xe0yGL\xd2(\x1d\xb9h%\xca\x1b\xc8\x02\x8b\xb6\xa2:\xa9+\xa8\xbbL\x18\xf7<\x88\x92\xbd/w\xd2\x05\xd8\x91E\x99x\xd9.\xdb\xfdA\x80\x80w\xb5x,\xe2\x9f=\xa4\xbe\x0cs\x86\xbe$\xc1\x80\x90g'","b""{p2\xc7\x96\x86\x87\x1d\xa1\x0b\xb4\x89i\xcc\xb6\xc4\xd7\xa0\xd5r\xb9\xb5\xfbHBY\x1d\x03\xe8`}\x1c\xfa3\x95i\x89\x1c\xb1\x95\xe0\xe3\xab\x87\x80\x10\\\xce\x9a,\xd7F\xcfop\xae\xe1[.\xaf\xcf\x9d\xc3N\xa7\xf19\x9a\x91\xcc\xd2\x94\xe1\xc4n\xac\xba\xb6\xf88b\x9e\xd9\xf7M\x10wB\x08\x8f9'Lhf~\xd8\x15h\\\x8eH\xa5\x0e\x1e678\xb9%\xfd$\x85\xaa\xb3\xc8\x1fP\x9a\xc7 \x12~B\xafX \xf4\xd0>?s\xb1R\xee\x90\xc8\x8b\xb2\x98\xddV\x15<nK\x82X\xd9~4\x7f\xd7\n}~1\x1a\xb8\x1a(6\x94\xef\xf5\xbdV'e:\x1b\xfa#9_\xfc\xc3\xc5\xb8\xd6\x02\xa2\x8c'\x1a\xd9\xbab=%\xf9\x05\x1e\x10\xc5[C\xfe\xab\xc6\x9a\xaf#\xdd#T\x13\xbe@\xeb\x19gTk=c\xd9\r\x08\x05\x00\xb5\\#\x95\x17*\xf4]p\x1e5$\xc36\x84\xacK\xe8\xbf\xdb\xf1r\x18\xea\x18S\x8a\x81v\x14_\x02\x9a>}""","b'\x9f\xc1b\x16\xe3\xf7\x16sY|\xd3\x0bDnz\xb3v+ub.5\r\xef\xd3\x93@r\xa3r\xcb\xa72\xc2\xb5y\xf7\xb6t\x81=\x0e\xff\xd7\x04m\x19\xc1|\xb1\x1c\xf1\x08xg\x9cn\xa6\x1c\xd8\xef\xe1\x9ey;Y\x15Uue\xd7>\x90\xb3@\x97\xac\xfe\xa0\xa8P{i0Q]V\xb3\xa6\xff\xedAw\x96px\xa2\x1a*\x06^\x17\xf3 uK\xd6\xac\xf0\xfa\xb4\xdf3roe\xd1\xb3\x16\x1e\x10\xf9\x9a\x8b\xc0\xa4\x8d""\xb2\xbe\xee;_\xa9\xb1*E\xdd\xe5\xb8\xff\xdd\x0e.\x82\\\xb7\xd0\xfdm\x19\x15[D\xfb\x82/n\r\xc7\xc5\xfc\x07\xd1,\xac\xd6-\x0cU\xf7O\xe9n~\x89\xda\xda\xf5\x96\xb5\xf5!""\xb5\xae\x17\xd0\x0eR)\xdd\x945\x9d\xdde \xd4\xec{=\x07\xe7\xe9\xc80\x05\xb3\xc6\xfbb?r\xfax\xa6\xd6SN\xa6\x19\x9c\r<7\x13&#n\xf3\x8a_\x8c\xacD>\xc6\x08\xc1\xa9\x7f\xf8\x12\x85K\xef\x01\x8au/s_. \x98'"
"b'\x16\x84\x9d\x15\xfc\xa8e3\x05\x99\x14lS\xa2\x07\xe4\xb6\xb8\x83\xf2\xb5\xfe\xc3\xd4\xc9)""\xba\xa1\' \x8b\x1e\xdfG0\xa1\xb3n\xc5\x17\xc4GD\xfd\x1d\xaf,o\x94\xbf\xe0\xbe""U\xcf[\x1c\x80\xd5\x0e\x92\xbc2\xe3""\xc9L\xd0=\x8bddBl\xf3\x860\n\x1cD\xfc`\t!\xa9\xaa\xca\x97l\xad\x81\xc9t\xfb\xa7\xa6\xe2RJ\xcb\x1d;\xea\xf0\xa0F\xe8*8\xd1\xd3\x1e5\'\'\xc4,<\x1e\xca4\xe3\xeb3\xc9\x95\x99Hj2H\rC\x15\\R>\x93\x16o\xa8\xcb,}(\xb9\xaa\xae*\xc4\xb9\xdf\xd8\x1d.\xea\x9e0\x89OT.Xk5n B\x17\xcac\xc2\x1e\xdbm\xb1\xef\xf3\xdck\x0f\xaa\xe2_\xc8l\xf9 >*\x925\xac(6\xb3:t\xaa\x8c\x17\x91\xc4\'y\xe1\x80\xb81f\x7f\xc1q\x9a\xe1g\xad\x9en=\xc1\xad\x15\xb52\x8bM\xc3;\xd0\xdc\xe6\x02C5\xed\xe2\x99\xc9\xc5\xd5\xc9\x97\xb9>\x10t\x9akb\x01\x83\x16\xe2\xc7'","b"";B\xa3\xaf\xc1r\xf6\xa9\xf9\xb3bax\x0b\x13a\x04ebb\xc1X\xbe\x9e]p\xf9d\x1d\x9cs\x90QI!\xb3\x1a\xeee?OL\x96\x07\x9e'\x8bv=)\xb0M\xaf\xd6\xa5y\x19]\xe2\xffG\x97\xf3S\xfd\xc3[{\xcd\n^\xa6&\x04\xa1\xe7\x03\xf1\x0c\xa0u\xee\xf5\x04\xdbW\xe4\xd2\x83\xa8C2\x8b\x06\xb5\x97\xf5\xc0\xbc\x07'?N\xe5\xc9[\xe2\x91\x01\xf6\x8c/\x92s\\\xcf\xe3\xea\x0f\xd7\x87A\t\x03Z\x91k\xdeV\xdb|+\xbb\x8e\xd5\x15\x14|\xa1\xde\xf0\xaa\x15c;\x0b\xfb`n\xef\x1e\xffbTj\x80 )\x16b\xbeb\xdb\xa9\xc6\xa4\xdf\xad$u8\x87RP\xfc\xc4\\\x90U57\xdd\xd4)\x0b\xd7U\xf9 z*\x8c\xbeY\xf2F\xff*\x1e\xd0\x94\x84\x87\xb6\x8d\x13<:]K\xbb\xb9\xe1H\x93\xeb\x1a\xd1\xe7\x1cS>H\xe2\x96]4\x8b`\x7f\x00\x95]\x08\x95\xac\xd1\x1b1l\x03\xc3WC\x06>\x13\x85\x80O9bH\x92J\x0e""","b""5\x19E\x9fA\x88}\x05\xd5@*\x1e`\xcd\t\x8fD\x1e\xb4\x8eG\xa6\x9a\xcf?]\xf2hQ\xa8\x08\x7f\xad\x15\x91\xf5\xf1N\xd0\xbe\\U\xd3\x05\xb8@\xea\xaaU6\xe8\xfb\x8d\x0cS\xff\xe9\xe9\x84\t\xfa\xf3\\\x88~\x15\x93\xc0\x84\x05D\xd7\xe2\x98\xe2\x17\x0e]\xbe+\xb8\xdacW\xd9)\xe5A7\xc6\x92\xb1\xf3\xa6\xd4m\xdb\r\x87Y\xc4\xe8\xf5Q\xddZ\xa5tE`\xe8\xf17\xcf\x80umlzb)\xc5\xffK\xdbd)\x12\x8c\xf7\x8aw!Ip\x16Vh\xdd\x8b\x1e\xe5\xf49eE3\xc8\\\xcd\x8e\xf1\x98\xe4r\x12\x0c\x1f\x1axr\xb1\xd6\xa1\x8d\xc0\x99\xd6y'1n}\x8e\x13\xcb\xa4\x9f+\xd5\xff\xf6\xf3D=9\x18B4\xf4\xe9]\x10\x83Y\x112\xe8\xcf.\xa8\x13\x10\xdd\xf2\x91\x00QC|\x8e\x88d%_\x13/\xe8R\xac\xf6HzH\xc7wZ\xb49-\xa3\xe2\x96S9,\xb8v\xb9l\x8a\xff\x90j\x087\xea\xde-T\x0c\xb9\xf7}\x82C""","b'\x00\xd8\xd3D\x02t{u\x8f\x9f\xaf{\xc8:7\xad\x8en06\xff\xb4\xadb\x1e\xd4\xf9\x8c\xb0Y\x16T\x87*\xe19\xb9x\xf4\x1fn\x19\x02\xacU}+qo\xfb\x82\xf5D4\xcc\x0b\xe0\x14\x85\x03W\xd1\x8c\x15$\xc6\xbe\xc1\xd78\xd8\x8a\\//T\xbf\x11\xd3\xca\xd7\xd3\xd1`\xb0,\xf7\xab~ \xf4\x19s@\x17\x06\xe6\x07_=\xdf\xd0\xbb\xddE\xbb\xac\t\xa6q`\rMM6\xf8l\xbfd\x1a\xac\xb2$<\x95\x15\xc5\xbf\x91\x9e\x1e\x91f\x18\x81\xf6;C\xc15\x15\x7fO\xa1\xf6yt\xf5\xf4^\x91\x88;\xfa\x1e\xf5\xca]\x12$a\xfe\x9e\x12,\x06\xddu*\xab\xcc\xee\xc2\x15\x06\n\xa9\xed!\xad\x02?\xdfM\xa4|\x87\xfcy\xbc\x80\x12\xd2\xdc\xdc06nn).R\xca\xe4\x1e\xde\x9dz\x13*\xec]\x1ff(!\x10""\x8b \xc0\nC\xb8?k\xc2\r?\x1bb}\xb6\xbf\xc6\xd8U:\x8a\xc7N\xf0\n\x8c\xf3\xde\xba\xcbl\x07\x01<\xb7\xdft\xe5'","b'\x01i\xd2~d\x93\xd7w""\xcf\'p\xb0 \x03k\x9f\xc9fJ/\x89)\xcd2d\xb0a\x9b\xfd\x00\xb4\xbaS\xe4vz\x04s4\x82\x92\xca=\xab\xd7\xd0\xecJ\x87\xd4J\xbf\x8c\xab\xc9I\x9b\x99\n\xe1\xd1\x89a\xc8\x05\x0c\x83\xcc\x0bn\xdf\x15w7!\x10\x12\x97\xa1_\x19\x0e\xcb\x02\x0c.M\xe2N\xa23FK\x80\xd0\x0c[\xdbb\xd10D9;@\xea\x1f\x9d\xe2cV&\xd7w\x9cf49\xfa\x1d0\xdfS\xf9\x1dh\xb8\x0c\xd9\x06Q\xcf\xc2\xc5\x02\xad\xed\x9fI\x84\x0c\xe9\xf6\x88\x1c(\xff\x7f\x81\xd5\xe8P\xbeG5\xe1p\x11\xf6\xfa\x8a\xf49\x9d\xbb\x02~\xb8\x15\xc4\xe9\xf4\x91"";<\xb8\xac\xbf\x86\xc3\x06\xfd\x1b""\x86c\xa1wKh\xe2\xdb\xa2\xf1\x88G\xe3\xb5m[\x8e7;]\xf0\xb49\xc8\xc3}\x9c>\x047\xf4;]y8\x89\x12H\xf2I\xab\xa9\xa8h\xae\xdaV\xc8\x8e\xfa\xea\x1a\x94O\xe3\xe1\xb2\x1d\xe6\x90f\xaf\xee\x039\xd9d\xb5Rk'","b'8lZ\xb8\xa0\xc1\xa1\xfcL\xff\xe1\xc0\x80\x8b\xe4\xd3n\xbcHV \x94\xdf\x1a\xa5\xec_\x97B\xfdgK\x82\xa5&\xe6\xf0}\x01\xbcQ\xf0\xbfQ\x81Y\x0f\xe56\x06\xb9\x0f\x01\xc63~\xcd\xc0T\x0fH\xf5\x96\xcc\xcd\xf7U\xce\x18\xad\x14\xa0\x13\x1e\xbbbI\xf0\xe1A\xd1m\x0b\n\xe6i\xbc\x8a\x93B,eBN\x12\tf?\xc1\x80!\xbd\xca\n5\x9d\\\xd9\xbb2\x19\xcc\xdeF?\xcd\x98%\xd7\x8dAm\x0fd,4 \x1f\xd5\xc4\x7fv\xebj\xdbAr\x84\x97\xd0\x89\xff6\xf1\xd4\xba\x144\x96V\xf3\x16C\'\\\x87K\\O\x0c\xf9\xed\xa2\xe9d3\xc7\xaa\xf2\x93\x18\xb2\xee\xf1\xe6r\x1e\x92\xf6M\x00\xbf\x1c\xf4\xd7\xb8\xf8\x07G""\x80E\xbd\xaa\x16E@\xd26c_F*\xa8\xb5\xf3\x89n\xc0\xef\xec\xfa/aqpk*e \xf9o\xdd\xba\xc7\xc6\xf9Vo@|\xfc\xc2\x1b\xfc\xba\x9e\x81\n\x01T\xfe\xe7C\x87\xa8\x04?d\xe2B\xb1\x1d$\xeaL'"
"b'(\xc9\xae\xb3diV\xd6g\xf5x\xbe\xb5\xe5mm\x15\xe3*\xf3\xddDC\x8b\xe3\xdbC\x0c\r\xab\xcd\xb0\\\tg\xf0\xd02\x1ax!k#\x08h\xe1\x88&\x01\xf0\x8a\xc7\n\x8djX.u\xac\xb8K\xabT\x83\xe3Ql W\xf3!\x97\xeb%\xda\x19\xb1>\xf2\x00{\xa2S\x0c\x9b\x82\xd0\xbe\x0b\xacKh\xd2\xfe\xec%\x04\x92\xd9W=\xfb9\xf6\x13\xec\xa3\x86\xd8p\x00\xdb\xf63N\xf06N\xec\xc2\xba\xce\xc2~\xb1\xc0\xb7\xaf?Tn\xec\x14\xf4\x05\x00\xc3\xd3\xd6b\xcc\xf8\xfc>O\xc9\r\xea\xa47r\xe7\x8a\xa2\x8eYJ\xc50ONn{S4\xb1\x89\x01\t\x8a\x98\xea\xeb\xcf\xd7?\r\x0eMj\xca,\x98\xb2\r\x14\x08\x15\xb5\xaa\xb0\x03\x1f\xb4\xa9\xc3~\xf8\xfe\x1e\xd2\x9ak\xca\x8bj\x0fgpA\x13%w\xfd\x87[_\x8fa\xdb\xde\xd8\x06\xfa\x95\xc5\xadNz\xddp>\x89\xfe\xe6H\xdd\x8c\xc7\x1c\t\x17\xe3\xc1\xdf9\x92\x184\xa2!&T\x83\\\xbb'","b'}\x8c\xbc\xaf\xf7\x1e\x83[\x17\xe6\xcelXp\xf2\x15\xcf\xf4~]\x9e\xaa5\xcbm\xfd\x16/\xd1\xd2\xb1\xd7g%c;\xa1\x07N\x01\xff\x90\x9f\x1d\xc1\x875\x07m\x171\x06\xaf\xe4\x92\xa9J\x8f\xd6R\xeb\x9c\xfa\x0e-\x07W\xa00\xe9 \xc1*\xc0!cO\x15\xee9\xde\x8a\xf0w\xab\xea5\xac$M\xdb\xc3\xcc\xbd\xc6\xfc\x87\xc4\xfe+.\xef/\x92PC2\xa3\xd6ED\x1d\n\xa6\xdb\x9f\xdf \x97:\xf0\x10\x927\xe4\x83\x85s\xb4f\x7fWa,""8\xf2.\xbf\xfc\xb7Y\x02\xa3Q\x1d_\x87\xb3\'\xd3\xad\xc0\xb6\x9aa\xd3\xe0/\xa7\x8f|u6C\xd4\xb2\x00s\x1d\x13\x07\x8f\xb5\x13\xb7\xef,\x04\x94;\xee@\x17\xfe\xf8]\x91=Z\xc5\xcd\xf9\x8c\x86=\t\xbc\xc0-L}{\xbe\xc3u\xf0E\xbc\xae\xbba\x93p\x85c\x1a\xb5\x0c\xde\xa5\xde\xf9y\xdc\xd9?\xc24@-\xa3[I?\xfe?\x05\xc8\xc7z\xbe\x96M4\x0e\x9c\xbe\x8b\xf8g\xc7\xfe\xb0\xd1\xc3'","b'\x14\x820\x89g\x02\xc8\xaf\x16\xea>\xe1\xf1\x96\xcc\x84\x90\xfe\xa1\xd9\x11\xbac\x1c]dP\xd5\xf5T\x1aH\xcb\xf9\xc0\xeaM\x1b*[\xf1\xe5\xf7\xb6\xf7@zFT\xba,\xeb\xf7\xf3\x93f\xa5b\xfaT*\x97\x8d5q\x06b~\xdcRm\xa6\xca\xe7\x81J\xf5\x8b\x9b\x91\xcfI\xbd]\x88\x06\x99-\xbd\xcb\x11\xd6\xe8\xd3\x1b\xa4\xd9\x13#L\xa9\xeb\xa25\xec\x8dF\x9a\xf9\xccT\x07\xa5Hj\xd2Y\xcf\xb3\xe6\x91\xc3u\x10q i\xa3\x9a\xa5\xf41t\xe2\r\xa5\xcc\x13k\xd5Y\x12\x10\x9d\x00\x03\xa4\xe2\xb8Yu\xa9J\xdbx\xd5Pg\xa2\xeb\x86\xed\xe1x\xf8\x0fI\xfbY8\x10\x05mqf\xdb{\xec \xc3\x14\xec!\xde\n\xedH\xd9*\xff3j\x8fn\x11\x80?L+x\nY\xbdl\x80+\x13\x13\xfc\x95r\xf3\xa3r\xa6]\xfd\xab\xac\xe9\xe3\x0b\x11\x04\x94\xbb3\xd9\xa7\x0e\xe9\x10\x04$\xfc^\xaaQ\xf1\x95>m\xd7\xaf\xf7-\xf2\x00\xca\r\xec\x1d\xc7\xb5\xb8\x8b'","b'r\x8a\xc1\xdb\xb1$\x99\x1b\xd3\xab\xd4\x91>M[o\xb0*\x9fQ\x90N\xd7\x9aI\xa6]\xd4]\xa3\xa8I\x11\x13{\x96\x1f\t\xf0w\x9aY\xbdnB8\xd5]\n\x87\x88\xe4m(b\xb9\xe0WG\x81(\xe3-\x85\x00o\x15\x05\xcfI\xde\xa4\xcc\x01\x8fO\xe2\xb0\x95`\xd1t\xab{\x02\xec\x8f\x85\x0bJ\xe8\x88\x90\xf6\x10Q\x89<\xf9$\xf1G1\xe3\xd7!\x99\xa5E\xef\x92\xe7A\xe89\x15Z\xbcv\xc0H\x89\x9e\x8br\x89\xfcCaUE\xef\x7fb(\x81;\xac\xec\xde\xbeZ\xae\xca\x94&\xd9u\xff\x1c\x8b\x8e\x8ex\xbdm[\xf6u*\x0bo8\xd2O`-\x8e\x12\xd9\x9bfe\x94\xc4\x9c\x0c\xa8x\x1e\xec8\x16\xa6\xfb\xd0m\x03-\xf0\xcaK\xbb\xfd\xbf\x89r\x9b\x9bBe]\xb1{\xb0\xbe\x93u\x83l\xa6\xe4\xd9\xe2t\x7f\x8f\xd7J%\xd4\xdf\xa2\x1b\x08\x02}^\xfd\xecd\xbcp\xedy%C,q\xe6m-\x13\xd2^r\xebL\x85C\x89n\x95\xce\x07E'","b'F>\xd74\xd6\xfe\x0b{\xb7\x1eu\xf1\xedl\xf5\xa7\xc7G\xf6\x89\xdd\t\x01\x16Z\x14\x9a}\x1c\xfd\xe7\x1d=\x17 \xad\xd7\xd1A\xdbh\x08\xe8S@\xa0\xbb9""\xd8\xf0\xea\xa49\x12vFV\x06\x9d\xa9x\x1bU\xae370\x05\x8f\xbe\x02\xce\xd8\x92\xbd\xe5>0""M9\xa0\x9a\x15R\xf1\xd3\xb0\xcdw\x15\x0e\xeb\xbc\xcf\x99 \xa35\xde\xf4\xb28HG\xe8\xef\xd5\x15u\x08}Z\xc1\x00\x08\xca\x06\xf7P\xfa9\xb0F^&\xdc)\x86\xe9\xce)\xb2Q-\xc4N\xcd\x08\x85\xff\x97\x81(\xe3A\x03\xdf\xef\xa3\x9cm\x00<)\x82\xb4\x91\x8a\x9d\x0e\xf7U+\xf0\x01\x0e\xaeK\xa0\xf2\xb6P\x0e\xdcR\xb1\xf0\xe7\xde}\x9c\xd9\xef\x12\x0c\xe1i\xe05,\xcem\x82rO\xf8\xdb""\xcb\xfa@\x1b2\x8d\x80pu#|\xfb\xe7\xaf\xb1\xa59l\xf2\x85\xf6Z\x0fd\xbc\xaasP\x81!\xbf\xa5#\xee\xdb\x9f\xb0\xdb\xc3R!\xa3\x99@\xf9\xb3\x15}>7)\x9fo3%\xe5'","b""\x86\x12O\xa0]^\t\x17\x84\xf1\xb3\x95\xbf\xd13(I]6*C'\x06\xe9\xa7\xafm\xcb\x1be\xda\r\xf7\xb6\xc9\xa2\xe2\x90+e\xb0\xc1\x89\xf3\x0e_\xd5%G%5\\\xd0<\xad\xc6\x19e\xe5\x06Fn\xca\x00\xd8-WL\x00\x9a\xd3n\xd5m\xce\x13\xbbP']\xc0\n\xa7\x841\xc9\xff\xe7=80r\x1b\xf6S\xc6\xe1\xf4oB\x04\x92k\xcb\x8b\xe0\x0f-\xcf3nI<u}d8\xe3\xfd\x19\xa6l\xe8\x93\x05\x8c\xf1\xf4\xecB\x11\xb5\x94\n.\xc1\xe9\xb5\x9c\xb5IP\xad\x82\xa7\x9a\xde\xe6}=\x98<A>@\xcb\xd5b\xbe\x08\xd4P\xc86\xb0\xbe\x14\x8b\xa1\xd4\x9f\xf96\xaa\xe3\xf9\xdd/G\x16\x9b\x9d\x80\x86\xa5\x83h%\xd9Q\x9f\xaf\x10\xc3'\t\xa3DP\x82\\\x84\xb8\x88\x19n\x01\xeby\x91~4{{\n\xb7Fs\xb5\x07\x94\x8f\xc4,\xd6\xaa\xe7\x90\xfdp\xa9=]\xa5\x00\xaa\xe0\x9d\xbb\xfeM\xc4J*\x1bh\x17\xde\xb4'\xaa\xf2\x1b\x89i\x99"""
"b'QpN\x96\xb5c\x0e[\xad5\xad~\xa3g\x8e\xc3?9E\n\x04o\xd8\x7f\xfe\xbe\x8e\\\x8d%\xa1(\x9a\x85L\x19\'\xafG\xb8,\xae\xe6\x13\xfa\x9f\x84\x9f\xc3\x9c\xca\x0e\x88\xe7B\xc5\xa4|hF\x15#S\x83\x937^\xef\x965i\x15\x02\x91\xf3\x83l\xbe\xc6\x8a\xc6\xa5\x00O\xeb\x11k3K\xb8\x8c\xd9D\xd6kO\x1dI\xb4\xe11T/\x0c\x91\xe9v\xae\xab\x19Wl\xf0\x1d\xb6\x82\x8d\x0b\xb8\xce\x0f(\xca\xd6\x94\xc0\x17\x91\x15\xcf\x03\x86.}\xb8P\xba~s+\xec\xe3\x0e\xe9\xe0~\x13\x0f\xbc\xda\xaeL?\xfd\x8e\xd0\xb2\x1aG\x9cP\xc7\x16WLr\xddeK\xb4.\xd0P\xc9\xb3\xd3\'\xfe\xa2}\x9c\r8\xba\x06\x8d\xd8\xdcl\x10d\xeb\x82\x0c\x0e\n\x0ev\xad\xa0\x97\x02M\r\xd4\xc3\x87\xf4\x02\xc8\xb36\xffr\x8eo\xf6\x8ck\xb1V""O\x1f\xfd\xc6\xfcH\x04^8\xbe\xb5\xfe\xb8\t0\x0f\xc0\xc6\xa6\xc0N\x98\xe3\\\xe6\x08\x00=\xe98\xd8u\x887'","b'G\xbdD\xcc;\x17OpD\xd2\xc6C""\xe4tt\x8fU(\xfb\xf3\xd8\x8a\x90?\x89\xdb\x83\xa0\xb9\xc6\xac\xd0@\xdf\xf7$\x18\x89\x89`\xf0\xc1x\xb6&\xfb\xa3\xbe\x91\x143\xaa\xdaJT\xf5\x0e*e\xfa/nz\xd4\x84\xcb#R\x0e\xe9 m\xeb\x1a\x13\xb6\xd9\xde>\x99\x02\t\x9a\x9f\xc4p\xb7\xf8\xfe\x9fe>s""\xd2k\xbc\xa5y\x96\x01\x0b\x9c\xf1\xb0M\x89-\xf7\x8f\xcd\xc2\xf7\xf5 &\xf6,\x8e([}]\xcb\xafTt\xd1\x0e\x86\xfe\xa0W\x9d\xef""\x1d\xb8\xb7NH\x15en\xe1\x17<\x10\xaf\x1e\x13\xa4\xcf\x1f\x17\rb\x98r\xd5L\xf5\'h\xbd\x84\x0f\xd3t\x9f!\xb4\x83 \xfc\xc5\x1f\x824\xa5\xb5LG6\xe1ds\x1f>p\xcei\xce\x08.\x13&2`\t&""\xb7\n\x15\x87^\xd9\xd2)=\x03\xfc4^O:\xf1\xc4F\x1f\x87\x05\xc1\x95\xef\xd8C3\xd2\xc5\x10\xed\xa1\xfd\xdd\xb7l\xf5\xad(\xb2\xf5\xa6\xffT\xd9\x12M\xb2\x85=\x81/\x99'","b'\xa6r\xd1\x18\xa1\xb2% \xf9X\xc5\xe6~T\xba\x99\xbc\xa5g\xa4\xd0f\r\xe8\xae\x88\x9d\x14\xd7\xe8\x08\x8a1N\x9e\xb3\x05sFP$Qh\x98$\x0e@0z\xa81R\nK\x8e\xbe\x17=\x10\r\x94\x1a""E*\xc3\x14\xde]\xb8+\xc4\x05@!\xc96\x05a\x95mB\x10\x8d!\xe7<\x8e!\xd7sj\x83\x1acGO\xf3\x13\xd8r\xfd\xf5\xc3\xb3\xa6\xb0\xb0U\xa2\xc1\x9c%\xe2\x01;c\xd5\xb0\xa8\xe1\x9d(\xc2\xa38\x84\x97/_\x0c\xc7\xd0]L\x85\xa2\xe6EA\xf9\x81\xda:Un-\xac\x92\xec\x1c&\x12H\xa3T.\x0e\\h\x14\x0c)\xe49g\xaf(\xff=f&1\x8eg\x91\x91\xe1\xfd\x9c\xdb\x07\xafG\xf2\xb6\xb3\xd5\xc1V\xf8m\xdf-q\x9b88rvD\xdfG\x1e\xc1\x05\xeb\xc5\x1a\x02\xa5;B\x07k\xa2w\xc6\xf2\x88\xd1]l1\xbd1%\xaf\xf0\xee\xd0\xed\xff\xa3%r\xba\xcfw\xf8\xb8\xc6{\xf7\xda\x14\xb0\xe9t\x05\xefO\xe9\xbe\xd5i'","b""anx\x90];\xfa80E`\xa5\xfc\xfe}\xa8\xa1\x0e\xb5\xd3)\xa0L\xd18\x04\xbd=\xdf\xa0\x92\xdd\x1a\x15\x1b<\xc5\x9d\xa9\xf1w\xbeD\x9bEZuHJ\x00H\x15RA\xf3\xee\xf130\xc6\xcd\xfd\xab\xc8u\xab&%3\xf9\xbb`\x9f\xae\x84pP\xf3\xf1\xa8\x9da5'*\xaf\xf2\xbf\xf6\x19# v\x9b\xe2\xe7Gu\xcf\xc8sm>\x11.\xc6S\x1d\xba\xf7I\xc4\xea%e\xb9No\x9a\xb6\xfd'i\x88\xc4\xfc\xd0T\xf6\x06\xb2?\x81||\xb2#{\x04\xf8=\xd8g\xd1x\nZ[\x16\nX\xc6c\t\xc8\xe5OnvG\xca\x05\x83\xfe\xe4\xbf\xb7$_\x12t\xf7\xfe\x11\xc5B\xba\xbe\xdd\xd9^\x1f\xa8\xfeT{\xb7\xee\xbc\x04\xdb~\x19\x08&S\x1c\xa9Gr\x8c\x1e7u\xdeu@0\x13\x19IIm\xdb\xeb\x0f3\xa6\x03\xc4\x88\t\x8a\xc3\x11\xbf2>O\x0e\xe0\x87\x0b\xc0\x94\xb4\x8d\xd1\xc3\xb6\xe1\x98?Z\xdd\xbd-\xa8\xc0\x0c(\xca\xc3\x9f\xad\xe5""","b'JM\xdds`\xb5\xe7\x8a\x96\x9e2\xb4\x80\x96\x1fjx""\t\x8b\x10lO\xe0\xd2e!\xed\x858\x8c\xd9\xbb\r\xe4\xdb\xa1\x05+\xf9\xb2\xf3Ju\x7ft\xb9,\x81Ig\xd7{\n\x11\xfe(\xbaa\x12\x9f\xff\xfc\xc9f\x04\x18QN\xbf2\x88\xa5\x92u!\xa0\xbc]rx\x85,L\xde\xdeMw\xcd\x83o2\x08\x8e5\xdb\xefC/\xde2\xdc\x80\xdc)\x1b\xeb\xa3X>\x7f\x91\xe5\xdfw=\x91\xea\xa9@k\x1a#\x10\xb6 \xcb\xd6\xd2<\x85[5 \xbd\xf4\x1e\xe3Lx>\xca\t\xa7\xf8\xe9\x9a\x92)\x0cY\x9d\xe4e\xfcN\x1d\xb06\x0e\x9c\x13\xd5D\xba\xe1O\xd0\x1f=/\x94?\x8dk\xc5r{\xea\xc5\x8c\xbd4Y\xc8\xf4\x01L\xbd\x0fy\x86(`\x87n:\x1b\x00\xa2/<\xe7\xfet\xb9\xb2\xa4F\x8db\xcf\x00D\x19\xcc""\xf5\x94\'+\xbf\x8f\x1d\xe8\xe3\x0f\xbb\x85\xf8\xc5\xef\xf1>\xe6S@?\xb7\xdb\x8e\x92""\xa0\xea\x8f\xa9\xc0\xac\x00\x1c\r\x07G\xc8\xb3'","b""d\x15Zqm!\x98\xe2C`5!\x8c\xa6s\x99\xf3%\xddS\x06\xd1bN[\xa3\xcf7\xbe\xa6\x17\xe8\n\xa6\x8e2\xcf\xa1)\xc7\x17\xc4B\xb8x\x99p)\xca\x8f\xb8\xdf\x158D\x90\x02lQk\xf4\x1c\xf7>0\x97\x82\xa78\x1e\xe0\xc0\x9f\xb3\xd9\xcan\xa1@%\xc0\xfe._\xb1\xf7\xa4\xe5\x0c\xb6\x7f\t$\x84\x9a\x8d\x08v\xff\xc0\\\xeb\x95bGt\xd4\xe8+\x10\xc5\x92\xf6\\\xc9\x00#{\xcc6[\xb7+\xa7\n\xfcL\x0e\r\xc1\xf3{\xc0-\xfa\xe9b\x0b\xe12{\xcdhg_\x17\x1d_5\xe5O\xfaE\xd6J\xcd\xa2\x93\x85\xe9\x90\xd1>\xa2\xd2\x9c\xd7\xa7\x04G\xcb\xf8\x1f=\xf1!'\x01c\xe9\xa4\xfe\xad\xadZ\xc1\xd2\x1dt\xbf\xb5.[r\xc7 \x0e\xd1c\x96#\xda\x1a@\xfega\x94JyOz\xe4\xc6z\xba{r:\x00\xb5b\xbc\xfa&\xefh\xd9\x90/\xe5^^?\xc2\xdb.e\xac:~y\x0eF\x18\x84d\x03\xdeV|\xa5\x81_Y\xb5"""
"b'$\x88\x84:\x1e\xe8\xf1{\x8e\x002\x8b\xdc/O\x8d\xa1\xde\x9d\xd9y\r~\x1c\xcd\xc6_w|I\xc5\x14\'\x1a\xdb\xf90\xbd\x7f\xba\xcc`\xe2\x08\xc5\xd8\xe8b~\xe7%\x18\xc1\\M\xd4G\x8bg\xef\xdb&\x9c\x04T\x04\xab#\x85\xd7!X\xc3\x0b g\xa4*\xa1\xf1\x935\xea9\xb4i\xfd{\xbc""2qd\nl\x1f\\B\xb1\xc4\xe0\x84?r\x87\xd3N\xdd\xbf\x08\xcfikr\x07\x132O2\xcb\x82\xa8\x9d\xb6\x98r>3\xfd\xee\xd9\xa5\xf6\x8e\\az\x97\xaa\xae\x95jj\xc8\xeb\x9c\xa9\xcf\xb9\xb0\x8b*\xfa\x96\xaf^\xc3\xcf\xff0\x0f\xda\x8e\xc1eZZ\xa6F\\\x91\x0c\x18\x05\xac\xb1\x82\xb9\xf1\x07\x8a\x9a\xbe\xbc9\xcc\xcd\x1a\xb8\x11\x91\xb3f-\xf3K:y\xd0\x91x\xd2\x8f\x08\x11\x0f\xf2lu\x0c\x8c^\xea5B\xb0-\xec\xcc=!\x93\xcbz \x94\x0cp\x19\xfb\x0f\xcd\xc9\x1a\xb8=\xa7+\x8fi{\xec\ni\xcd\x80\n\xf3v\xbf\xa5\x80\xb8Z\xe7\xde'","b'\xa6Ek\xec\xaa\x0c\x02T\xf7t\xf3\x9f\xe9~0\x1f[\xf8\xb2\x85Z\x18\xb9\xd6zk\x13R\x01X\xc1\xf8X\xf3\x9b\xe8\x18\xc7\x9f\x04\xad\x99\xdb+\xe1\xad\xaes\x9b\xc4\x94cY,\x97{\xac\x0f\xa1>\xc6d\xdd\x14\xf7\xf9\xf5I\xb4\xcb\xa1\x1f\xc0\x85\x18\xd5Ol\x01)\xd0\xebv\xf4z\\c\\\xb3X\xfaM\xe5\xc6\xb6G)F\xeb\xb5\x9d\x82n0\xe8\x13N\xf0\xe4yX\x03o\x87\nT\x11H\x8f\xd3\xa7\xa3#\x96\xbf\x1e\xc2\x15\xb6\x1d=Cc\xd2\xc9\xea\xf1\xb8Sz\xeda\xb9\xe8\xf9\xbf,\xac\x86C\x03\xe7\xa9\x96_N\x8b\xf2\xd8\xeeo\x1c\xdc\x82/R\x12b\x8fHk\xbf\xc9&\xbc\xf0\x19\xba\xcc2\xa0\xe2\x07n\xde\xd13\xbc\x1e\xcf\xd0\xe9\xa6\xb1\x8a\xfd\xf9\xf7\r\x16x\xb8\r\xc4\x8b(L+\xbe\xfa\x11V\xf0\xb3\x9fc\xc4I\x0b\x96P\xca\xecE\xb6\x9c\xb6*\xf7\xae\r5\x10\xf8\x84\x9d\xeb\xe6\x8d\xd8\xfd\xb6+W#\x8bxp\xe6\x1c\xde\xfcU\x80\x16}'","b'\x00\xa2\x1f\xb2\x03\x885\x17\xca bO\x91\xcb\xbb\xe1\x92\xb6\xdc\'\x99\x1dX\xbf\xf2\x1f\xc0\xe49\x01\xc5\x16\x93\xd8\xe9\xf1:!\xe1\xf9,\x1e\xbfg*y\xa3U\xd1\x88\x1f\x98\xfbY\xf4\x17\xe7\xc3\xefql\x13H/\x8c\xaaF))\x15Y\xda&\xea\x19\xee;)\xe1\x12Wl\xc5,&\x06\x8e\xf5\xf8k\x86>\x00|{\xb7\xb0\xa8\xc4\xd7\x8d\x83""\xbda\xcf V\x8a\xd3\xae\x91\x02\x1c\xa6?\xcaR\xa3\xda\x97&6\x84f\x82\xbe$\xf7\xc7\xac\x1f\xb2\xaamc8\xbf\xdc\x18\r\x8b\xb5\xa2\x93y\x9f\xce\x16\xbf\x14@-v`+C\x91\xaa\xa3\xb2\xb4\xea\x94/55\xd1O\xee\x07\xe9b7N\xf8\xed\x81 g)9K\xec\xaf\x8c\x9b\x040X?\x04S\xb9A\xf5\x04\xce\nv?\xb32\xdb\x03\xc7\x8b\x1b\xc6\xca\xd6{f\xd3a\xb1iB\x173\xb1\xad\xc2\xb7\xc7}\x14U-\x90y\xb0\x950)\xb6\xdb\xa2\xf3\xd9\xda\xbb\xf4\xc6\xc2\xf3cF{@q\x812\xee%\xc1'","b""\x17\xf8\xc5\x89\xd1B\xe4\xd2\xfe\xa0\x06\x12\xcf\xbe\x1d\x9d\x98\xdf\x1a\x18RC\xeaps\x1b'.\xe8\xbf6H\xdd\xf3\xd5\xaf\x87\x7f\x81\xa5C\xef7\xc1\xf50\x9cA/\x8b\x1b~d4\x0c\xb1tK\xf5\x1b\xb7\xc4\x89(R*h\x13W\x91\xdd\x04\xf6e\x91\xf6u_%i\xa7?H\x9e\x9f\x82\xa9]\xe5@Z\xc44\xf8\xcb\x0f^|\xa2\x80\xde*h\xf2\xeaF\xdd\x88\x13\xb3\\\xd9\x9b\xd0\xe2OEg\x95\xfd\xba\x84\t\xa7r\xd4\xce\x15\xcaek\xd2&~\x11\x97\x1a\xb5)\t\x897\x94\xb0\xc5\xce\xfe\x04_,U\xfb\xce\xa5\x1a\xac\x9d\x8f}\t\xbc:\x8bH\xcb\x03\x06\xae\xad\x9e_\xdc\to\xc1VR\x11\x15\xf1\x90<\xc7\xa6\xed\x93H\xdd+\xf2t\x02\xf0\x1c\xf3'\xcf\xb3\xae\t\x05H#\x8e\xa7|\xa3\xc0\x18\x03\xf0\xfd:\xea\xbf\xd6\xba\x04\xe3\xc0\x94c1&P\xc2\x9a>\x88`4\xe1xRS\x83 \x13\xb5}\xc3\x15z?5M\x93\xec\xfd\x05\x112\xeb#\xff\x9d""","b'jd\x8c\x86\xda\x01U_ \x83v\xbf\xb4\x13k1\x1bY\xae\xcf\xb3m\xf9\xc4k\xb6\x81\xa2.[\x0cw#\xd4I1\x81\xf3G\xda=\xaa\xd5\x072\xde\xa1\xc8\x12\x9d\xabWF}\x81\xfd\xf6\xbb\x91\xc5\xbf\xb1\x15\x1b\xe6\xa0,L?\xfc9f9\xe2z\x1a0\xda\xe2\x85\xf8S\xe8mq\xabh\xc0\xdas?\x17\xfa\x94c(\xdf1\x82/+\xf4\xee\xbe>\xea<0\xe9N\xfb7\xbe\xd7\x92\xd1C\x93\x17L<\x91\xfe\xe7\x1cm\xaf\xb3i\x08c$EQ|v\x10\xbbV\x85\xa1.N\xb8\xebmO\xa26\xbf8\x170\x9d=&\xb8Pz\xcb4\x1f\xe2\x8c)\x03H\x90\xa2\n\xe8\x94\x8e\x08s\xc7O\x0f\x8a\xa1\xdb\xbcegQ,\xcc\xd1\xeb6\xee0c\x87\x7f\x1e\x03?a\xc0\xb6\xdf\xac\xcb\x8f\xdb\xa9\xe3\x18\xbeME\x02h\xf4\xd6\x06*\xb9\xbf\x90o\x03\x02\xb8_&j\xcei-\xeb\xb5di>j\xf4&\x84\n+,~w>\x91g\xcf\xca\xe3((\x08)e'","b'\x16\x9b\xe4\x05\xa2\xf1\'\xf5\x85r\xde\x12\xfaZ\xe28\xe0i\xb7\xbb\x07\xf4\xe2l~\x7f\x8dS\xa6\x8b\xf4\xa8\tL\xe9\xcaM\x8cq\xc6\xa7 yL\xb1\x05)\xfd\x178\x9a\xe7\x9a\xb9\x9c\x17\xbe\x8a\xef\xd8\xde_\x80$\xef\xa6U\xa0c\xa0\xab\x85\xf3\xfa\xca\xb2\\\x89\xba\xa1XO\xb6\x18b\x06p\xa6U\x16\x12\xc8\xbaL_\xc7\xc8Zn\xc33W7\x01\xe3z\xbc\xdb\x05\x0ef\xcf\x90\xa1\xf8\xdd\x11q\xf6c""\xc3\xea\x0b\xa1\xbf\x827C\x1c\x84%\'\xff\xd8\xaddD\x87\xf6\xb0\xcdP^\xc6H#1\xa1Z""j\xdd&9\xab\xb2\xdf\x89\xf2\xb0q;\xe8\x036=\xcc\x1cW\'\x87S\xf8\xab5V\x15\xe9\x0fE\xc1\xcfSuI\xc7\x9a\xb2\'\x94\x91zV\x08\xd0\xbf\xca\xf6\xd1\xcc\xf4\xca\xddG\x13\x88\x1d\x86\xb8\xc3\x8b>\x98\xa2\x8c\xb3\xf1\x9c\xd4\x1a\xe3\xc9\xd1\x97\x9f\xdd\xcf\xf2\xe4\xd1\xfb\x1fFZ\x87\xa8\x88\xfa\xcb^\xd3\xaa\xabj\xe5&\xde\xaa\x00\xb7&\xa4k@\x84'"
